Name,Minimum,Maximum,Direction,Sequence (with extension),Length (with extension),%GC,Tm
Primer_100_F,111319,111331,forward,GATGTTGCCATTA,13,38.5,36.6
Primer_101_F,112549,112561,forward,GGAAGATAAGTAC,13,38.5,31.8
Primer_101_R,78085,78097,reverse,ATAAAACAATTGG,13,23.1,30.2
Primer_102_R,204378,204390,reverse,CTTCATAAGGGAG,13,46.2,35.3
Primer_103_F,156284,156296,forward,TTGCTTCTGATGA,13,38.5,37.9
Primer_103_R,123216,123228,reverse,AAACGGCTCTCAC,13,53.8,43.8
Primer_104_F,177399,177411,forward,TAATTTTAATCGT,13,15.4,27.7
Primer_104_R,180110,180122,reverse,TGCTCCAGCAGTC,13,61.5,46.5
Primer_105_F,139870,139882,forward,ACATTGGCAAGAA,13,38.5,39.2
Primer_105_R,76337,76349,reverse,AACCCGTGGTGTT,13,53.8,45.8
Primer_106_R,185870,185882,reverse,ATGGACATTCTGA,13,38.5,36.7
Primer_107_F,73251,73263,forward,TTAAATATCACCG,13,30.8,32.1
Primer_108_F,165137,165149,forward,GTATTTCGGCGAT,13,46.2,40.7
Primer_108_R,184609,184621,reverse,CATGCCGCCTTTA,13,53.8,44.4
Primer_110_R,134954,134966,reverse,TAAAACGCAGGTG,13,46.2,41.1
Primer_111_F,162116,162128,forward,GACGTAAAAGCAT,13,38.5,37.6
Primer_114_F,122761,122773,forward,AAATACTCTCCCT,13,38.5,34.8
Primer_114_R,132695,132707,reverse,CTTTGAAACAGGA,13,38.5,36.3
Primer_115_F,178138,178150,forward,AGCCAACCACATT,13,46.2,42.4
Primer_115_R,104200,104212,reverse,CGTACGTATTTTC,13,38.5,35.4
Primer_116_R,133691,133703,reverse,ATATGTTCTATCC,13,30.8,29.6
Primer_117_F,105488,105500,forward,AATCCACTGATCC,13,46.2,38.1
Primer_118_F,129098,129110,forward,GAATAGCGGTTGC,13,53.8,42.7
Primer_118_R,118218,118230,reverse,TGCTGGGAAGTGC,13,61.5,47.3
Primer_119_F,173403,173415,forward,TTTCCATATAGCC,13,38.5,34.4
Primer_120_F,184902,184914,forward,TTATACCCACCGG,13,53.8,41.1
Primer_121_R,174326,174338,reverse,GGATAAGGCGCTG,13,61.5,44.9
Primer_122_R,161328,161340,reverse,ACGCAGATCTCAT,13,46.2,41.2
Primer_123_F,137537,137549,forward,TTCCTACATTACG,13,38.5,34.9
Primer_124_F,111078,111090,forward,GACTTAGTCATCA,13,38.5,34.2
Primer_126_R,195126,195138,reverse,CATCAAAGATGGG,13,46.2,37.3
Primer_127_F,88167,88179,forward,AAAATTTGTTCAC,13,23.1,31.9
Primer_128_F,169628,169640,forward,CAGAATTTATTCA,13,23.1,28.9
Primer_129_F,167409,167421,forward,ATAGAAATAGAGT,13,23.1,27.3
Primer_130_F,76896,76908,forward,GGCGCTGCAAAAA,13,53.8,47.3
Primer_132_R,169837,169849,reverse,TAAGCTTTTTCCC,13,38.5,36.2
Primer_133_F,118268,118280,forward,TCGCAAGCAAGGC,13,61.5,49.1
Primer_134_F,190165,190177,forward,CGCGTTCAAAGTT,13,46.2,42.9
Primer_135_R,195963,195975,reverse,GAGGAAGATATAC,13,38.5,30.9
Primer_136_F,129342,129354,forward,ATATAGTTTAACG,13,23.1,28
Primer_137_F,197000,197012,forward,CTAAATACAAACA,13,23.1,29
Primer_138_R,81955,81967,reverse,ATCGAAAACCTTT,13,30.8,35.5
Primer_139_R,209207,209219,reverse,TCTTAACCTATGA,13,30.8,31.2
Primer_140_R,196205,196217,reverse,CATTGCGCCACAA,13,53.8,46.3
Primer_141_R,130025,130037,reverse,TTGAAATGCTCAA,13,30.8,36
Primer_142_F,191192,191204,forward,ACATTTCAACCTT,13,30.8,35.1
Primer_142_R,102864,102876,reverse,CTGAAATACCAGA,13,38.5,34.4
Primer_143_R,168849,168861,reverse,AGCGTGCTTGTGC,13,61.5,49.6
Primer_144_R,197181,197193,reverse,TTATTATATGCAA,13,15.4,26.4
Primer_145_F,76385,76397,forward,GTAAGGCTCTAAA,13,38.5,34.5
Primer_146_F,164384,164396,forward,AATGGGATAGCCA,13,46.2,39.9
Primer_146_R,125950,125962,reverse,TTAAGCATGAGCA,13,38.5,38.6
Primer_147_R,189605,189617,reverse,TACTTCATTATCA,13,23.1,28.6
Primer_148_F,146625,146637,forward,AGGGTCAAACAAA,13,38.5,38.3
Primer_149_F,177148,177160,forward,AAAGTTATTTACG,13,23.1,29.9
Primer_150_F,136741,136753,forward,AAGCATTTGTTGT,13,30.8,37
Primer_151_R,135202,135214,reverse,ATCACCATAAAGC,13,38.5,36.1
Primer_153_F,102913,102925,forward,TAGCTCATTTGGT,13,38.5,37.2
Primer_153_R,110282,110294,reverse,ATACTGCTCAAAC,13,38.5,36.2
Primer_155_F,104516,104528,forward,TGAACTAATTCGG,13,38.5,35.8
Primer_156_F,125266,125278,forward,AGGGAATGGTCCT,13,53.8,42.4
Primer_157_F,200596,200608,forward,GTATACTGTTGCT,13,38.5,35.3
Primer_157_R,175831,175843,reverse,ATATTACGAGTAA,13,23.1,28.6
Primer_158_R,78367,78379,reverse,TAAGAAACTGCAA,13,30.8,35
Primer_159_F,188658,188670,forward,AATGCAATACCAC,13,38.5,37.1
Primer_159_R,197446,197458,reverse,AGCAGATAACTTG,13,38.5,35.7
Primer_160_R,93463,93475,reverse,TACCGAGAAGAAA,13,38.5,36.5
Primer_161_R,116922,116934,reverse,CACGTGTAATTGT,13,38.5,37.5
Primer_163_F,208527,208539,forward,TACATCAGCAAGA,13,38.5,37
Primer_164_F,189905,189917,forward,GCATATTGTGCCT,13,46.2,40.5
Primer_164_R,123465,123477,reverse,GAGCCCTAGGCAT,13,61.5,44.8
Primer_165_R,181083,181095,reverse,TCCAGGCGGAAAG,13,61.5,46.4
Primer_166_R,142074,142086,reverse,GGAATTTCACGGA,13,46.2,39.9
Primer_167_F,183887,183899,forward,TCTTGATAAGGTT,13,30.8,32.6
Primer_169_R,95485,95497,reverse,ATCCGCTTTAACA,13,38.5,38.6
Primer_170_F,123514,123526,forward,GGGAAGCTATCTC,13,53.8,38.8
Primer_170_R,147581,147593,reverse,CTTGTACAATTTT,13,23.1,30.4
Primer_171_F,187139,187151,forward,GCTTGATAGAGAA,13,38.5,34.7
Primer_172_F,160899,160911,forward,GAATGCACATGTA,13,38.5,36.9
Primer_173_F,106751,106763,forward,GTGTACCATCTCC,13,53.8,39.2
Primer_174_R,191140,191152,reverse,TTGAAAACGCGGA,13,46.2,44.2
Primer_175_R,191889,191901,reverse,CGCCTTTTCGGAT,13,53.8,44.5
Primer_176_F,163876,163888,forward,GTGTAAGCAAAAA,13,30.8,34.8
Primer_176_R,174579,174591,reverse,TCGGGTCCAAGGT,13,61.5,47.1
Primer_177_R,155479,155491,reverse,ACACTTTGTAATC,13,30.8,32.8
Primer_178_F,132980,132992,forward,AGAAGCTCATCAA,13,38.5,37.4
Primer_178_R,123962,123974,reverse,ATTGGAGCCTGGT,13,53.8,44.2
Primer_179_R,60100,60112,reverse,TAACAAGTTTAAG,13,23.1,28.9
Primer_18_R,68369,68381,reverse,AAACTCACCCATG,13,46.2,39.5
Primer_180_F,200100,200112,forward,TGTTCTGACATAT,13,30.8,33
Primer_180_R,138308,138320,reverse,CCTGAATTTTCGC,13,46.2,39.8
Primer_181_R,88100,88112,reverse,TATCATACTTTAT,13,15.4,24
Primer_182_F,169904,169916,forward,AGGGTAAGCCGAA,13,53.8,44
Primer_182_R,144298,144310,reverse,AGGAGATTTGTAA,13,30.8,32.6
Primer_183_R,192135,192147,reverse,AGGGCTACCCCAT,13,61.5,45.9
Primer_184_F,161152,161164,forward,CAGAGCCCATAAG,13,53.8,39.7
Primer_184_R,77113,77125,reverse,AAAATGCTGGTAT,13,30.8,34.8
Primer_185_F,133733,133745,forward,GGACCAAACAAGA,13,46.2,39.5
Primer_186_F,152799,152811,forward,ACGTAAATAGCAC,13,38.5,36.7
Primer_187_F,217904,217916,forward,AGGGTTCATTGAA,13,38.5,37.4
Primer_187_R,114673,114685,reverse,TTATCCGGGCAAG,13,53.8,42.7
Primer_189_F,116468,116480,forward,TCGGGTCATACGC,13,61.5,46.5
Primer_189_R,145575,145587,reverse,GAGGTGTATGACA,13,46.2,37.8
Primer_190_F,147094,147106,forward,CGCGAGATTCATT,13,46.2,41.2
Primer_190_R,184609,184621,reverse,CATGCCGCCTATA,13,53.8,42.6
Primer_191_R,130778,130790,reverse,AAAATATAGAACT,13,15.4,25.4
Primer_192_R,142579,142591,reverse,GATCCCCACGAAA,13,53.8,42.6
Primer_193_F,120761,120773,forward,TGCCGTATTTTGC,13,46.2,42.2
Primer_193_R,201790,201802,reverse,TAACAATACCTTT,13,23.1,29.7
Primer_194_F,135252,135264,forward,GCAAGGTTCACGT,13,53.8,44.8
Primer_194_R,81459,81471,reverse,ATGCCTTTGACAA,13,38.5,39.2
Primer_196_F,78405,78417,forward,CATGTGATTACAA,13,30.8,32.9
Primer_196_R,174863,174875,reverse,AATTTTAATTTAC,13,7.7,23.2
Primer_197_F,69235,69247,forward,ACATGTCATACAA,13,30.8,34.1
Primer_197_R,94977,94989,reverse,GCCAAACCGCAGA,13,61.5,48.5
Primer_198_F,189440,189452,forward,CTTCCAAAGTCAA,13,38.5,36.3
Primer_198_R,92989,93001,reverse,GGTCAAATGATAG,13,38.5,33.3
Primer_200_R,164819,164831,reverse,GAAAAACTTGTGC,13,38.5,37.3
Primer_201_F,118513,118525,forward,ATGTGCTCATTCC,13,46.2,39.9
Primer_202_R,122712,122724,reverse,TTTGAGCAAATAC,13,30.8,33.9
Primer_203_R,165859,165871,reverse,CCGGGATACAACA,13,53.8,42.2
Primer_204_F,87673,87685,forward,AGTAACTTGGACT,13,38.5,36
Primer_204_R,205158,205170,reverse,AGCAAATTTGCCG,13,46.2,43.1
Primer_205_R,155739,155751,reverse,GCATGGTGACGGA,13,61.5,47.1
Primer_206_R,69411,69423,reverse,TTAGAAGATATGG,13,30.8,29.5
Primer_207_F,172377,172389,forward,CGTGATAGACTGA,13,46.2,37.9
Primer_208_F,184648,184660,forward,AGATATCCTCTAT,13,30.8,29
Primer_208_R,169350,169362,reverse,AAATTCTGGAATC,13,30.8,32.5
Primer_209_F,214782,214794,forward,AAAAACGGAAGTA,13,30.8,35.1
Primer_210_F,181146,181158,forward,ATTTATTACAATG,13,15.4,25.6
Primer_210_R,179331,179343,reverse,TTCTTGAAGCTTT,13,30.8,35.4
Primer_211_F,124267,124279,forward,TATAGATGCAAGG,13,38.5,34.1
Primer_211_R,118721,118733,reverse,GACTAACTCAAAG,13,38.5,33.4
Primer_212_R,92722,92734,reverse,GATGCCCTCACAG,13,61.5,44
Primer_213_F,142597,142609,forward,AATAAATCCCCTT,13,30.8,32.6
Primer_214_F,61418,61430,forward,TTTGTTTTGGCAT,13,30.8,37.3
Primer_216_F,180633,180645,forward,CATGAAAGAGCTT,13,38.5,36.6
Primer_216_R,111775,111787,reverse,TTGATTGCGGTAA,13,38.5,39.2
Primer_217_R,103086,103098,reverse,AAATTTCGGCAGC,13,46.2,42.6
Primer_218_R,192616,192628,reverse,CTTCAAGATCCTT,13,38.5,34.8
Primer_219_F,135505,135517,forward,CGGTAAGAATAGG,13,46.2,35.8
Primer_219_R,127253,127265,reverse,TGTTCAAAATCCA,13,30.8,35.2
Primer_220_F,198105,198117,forward,AGTGATGTCTTTT,13,30.8,34.3
Primer_221_R,122443,122455,reverse,AGAAGAAGCGCGC,13,61.5,49
Primer_222_F,201123,201135,forward,ATTACATAGGCGT,13,38.5,37.3
Primer_223_F,118012,118024,forward,CCATTTAAATTTT,13,15.4,27.2
Primer_224_F,186640,186652,forward,CCCCCATTCCCAA,13,61.5,45.2
Primer_224_R,197811,197823,reverse,TATCTTCAGACAT,13,30.8,31.9
Primer_225_F,145356,145368,forward,ACCCTAAAGCCGA,13,53.8,44
Primer_225_R,41436,41448,reverse,ACATTTTGTACTG,13,30.8,33.2
Primer_226_F,186394,186406,forward,TGTGGGCTGCCTA,13,61.5,47.7
Primer_226_R,138814,138826,reverse,GCGAGGAGAGATT,13,53.8,42
Primer_227_F,214545,214557,forward,TACTGTAATACAC,13,30.8,30.4
Primer_227_R,155240,155252,reverse,TTGTGCCAAAAAG,13,38.5,38.8
Primer_228_F,207532,207544,forward,GCTGTCTCAGGAT,13,53.8,41.7
Primer_228_R,158245,158257,reverse,CTGTTCATCCTGC,13,53.8,41.3
Primer_229_F,182637,182649,forward,ACGAAAGGTTTTT,13,30.8,36.5
Primer_23_R,168112,168124,reverse,GTGGGCTTCCACT,13,61.5,46.1
Primer_231_R,158776,158788,reverse,TTCCAATAGGAAA,13,30.8,33
Primer_232_F,134502,134514,forward,GTTGGTATTCCTC,13,46.2,36.4
Primer_232_R,136461,136473,reverse,CCGGAGGAAAAGT,13,53.8,42.4
Primer_233_F,191425,191437,forward,TTCGAACACGGGG,13,61.5,47
Primer_233_R,137227,137239,reverse,TTTTACAGAAGGG,13,38.5,35.1
Primer_234_F,172613,172625,forward,ATTAAATCAAAGG,13,23.1,29.1
Primer_234_R,122224,122236,reverse,TGGCAGATGATCT,13,46.2,40.2
Primer_235_R,168363,168375,reverse,GTGGTAATAAAGA,13,30.8,31.1
Primer_236_F,78650,78662,forward,TGATAAGATCCTT,13,30.8,31.6
Primer_238_R,96488,96500,reverse,GTAATTGGACATT,13,30.8,32.6
Primer_239_F,114001,114013,forward,TGAAGCGTTTAAT,13,30.8,36
Primer_239_R,145068,145080,reverse,TGTTCAGCAAAGC,13,46.2,41.9
Primer_240_F,164124,164136,forward,CCTATGCTGCTTC,13,53.8,41
Primer_241_F,122522,122534,forward,CTGGTTAAAAGGC,13,46.2,38.3
Primer_241_R,162067,162079,reverse,CGCAAGAAATTGC,13,46.2,41.5
Primer_242_R,182089,182101,reverse,TGAAAGTAGGCCA,13,46.2,40.4
Primer_243_F,106263,106275,forward,TTAATGTTTAGGT,13,23.1,29.7
Primer_243_R,130552,130564,reverse,TTATGATGTGGTG,13,38.5,35.5
Primer_245_F,109556,109568,forward,GGTTTATATCGTA,13,30.8,30.7
Primer_245_R,180838,180850,reverse,TTGATACAGTCCT,13,38.5,35.6
Primer_246_R,213235,213247,reverse,TGTTCCATGAGAG,13,46.2,38.2
Primer_247_F,158545,158557,forward,CCAAACCAGTAGC,13,53.8,41.1
Primer_248_F,192942,192954,forward,GGCTTCTTGCGCA,13,61.5,49.1
Primer_249_F,42473,42485,forward,TTAATTCACTGTC,13,30.8,32.3
Primer_249_R,109762,109774,reverse,GTACTGACTCGTT,13,46.2,38.8
Primer_250_F,123759,123771,forward,TTTTCATTTCTCA,13,23.1,31.5
Primer_250_R,94218,94230,reverse,AGCTTGCTCAGCG,13,61.5,48.3
Primer_252_R,143829,143841,reverse,CAGAAATTGAGAC,13,38.5,34.4
Primer_253_F,88977,88989,forward,TGAAAGAAAAAAC,13,23.1,31.3
Primer_253_R,135695,135707,reverse,ATTCGATGTAAAT,13,23.1,31.1
Primer_254_F,41725,41737,forward,TTTATGTGCATTT,13,23.1,32.7
Primer_254_R,132929,132941,reverse,AAGAAACGCTTAA,13,30.8,35.9
Primer_255_F,106997,107009,forward,AGCCATACGCATA,13,46.2,41.3
Primer_256_F,135984,135996,forward,AAGTCTCCGTACT,13,46.2,39.3
Primer_257_R,73964,73976,reverse,CATGACACAGTAG,13,46.2,36.8
Primer_258_F,197264,197276,forward,TGGCCCTTCTATG,13,53.8,41.4
Primer_258_R,125216,125228,reverse,TCTCCATCATTGT,13,38.5,36.7
Primer_259_F,129577,129589,forward,TTTACTCGACTGT,13,38.5,37.2
Primer_26_R,218896,218908,reverse,ATCTTCAATCTCC,13,38.5,34.4
Primer_260_R,192369,192381,reverse,ACAGCGCTTCCAT,13,53.8,46.3
Primer_261_F,182885,182897,forward,ACTCATGGCTTCT,13,46.2,40.6
Primer_261_R,144569,144581,reverse,TTTTTCCTTCTCG,13,38.5,36.7
Primer_263_F,90770,90782,forward,TATAAGCTAGATC,13,30.8,29
Primer_264_F,130099,130111,forward,TTCTTTACTAAGC,13,30.8,31.8
Primer_264_R,92240,92252,reverse,TTGCCTAAATATC,13,30.8,31.8
Primer_265_F,149049,149061,forward,AATAGTCGCTGTA,13,38.5,36.9
Primer_266_F,209511,209523,forward,GAGACCAAGTCAT,13,46.2,38.2
Primer_266_R,165328,165340,reverse,AAGGCGTTATGGA,13,46.2,41.4
Primer_267_F,150778,150790,forward,CAGTAATTTTCTT,13,23.1,29.3
Primer_268_F,97029,97041,forward,AATCCGGATAACT,13,38.5,36.4
Primer_268_R,109189,109201,reverse,GGCATATAGCTTG,13,46.2,37.3
Primer_269_F,94765,94777,forward,TTTGTTTAAGAAG,13,23.1,29.8
Primer_27_R,205898,205910,reverse,TCAATCATATTAT,13,15.4,25.1
Primer_270_F,106503,106515,forward,CGCTGTTCAGCAT,13,53.8,45.1
Primer_271_F,76158,76170,forward,TAGCTTCGGCCAT,13,53.8,44.8
Primer_272_F,96048,96060,forward,AGCCTCTGTAAGC,13,53.8,42.2
Primer_272_R,143563,143575,reverse,TATGTGGAAGCGC,13,53.8,44.1
Primer_274_R,114454,114466,reverse,ACTAAGTTTAAAT,13,15.4,26.4
Primer_275_F,187656,187668,forward,GAATGTATAACCT,13,30.8,30.6
Primer_276_F,90251,90263,forward,TTTTTCCTTACTG,13,30.8,32.4
Primer_277_F,115000,115012,forward,CGCCGTATAGAAA,13,46.2,39.7
Primer_277_R,146814,146826,reverse,GCTTTGTTGTCTT,13,38.5,38
Primer_278_F,205702,205714,forward,TTATAAAGTTGTG,13,23.1,29
Primer_279_F,76635,76647,forward,TGCAACAATTCTG,13,38.5,38.1
Primer_280_F,144858,144870,forward,GGCCTACGATATA,13,46.2,36.8
Primer_280_R,200323,200335,reverse,TCAACAAACGGCG,13,53.8,46
Primer_281_F,166893,166905,forward,ATGACCAGTCTCT,13,46.2,39
Primer_283_F,168146,168158,forward,TTTGGTGCGAAAA,13,38.5,41
Primer_283_R,105448,105460,reverse,AAAATTATCCACC,13,30.8,32.3
Primer_285_F,94014,94026,forward,TCCCAGTCTTTAT,13,38.5,35.4
Primer_285_R,112514,112526,reverse,TGCTAGAGACGAG,13,53.8,41.2
Primer_286_F,196489,196501,forward,CTTCAGCTATAAA,13,30.8,31.4
Primer_286_R,96235,96247,reverse,TCTGGTTCCGTTG,13,53.8,43.1
Primer_287_F,213039,213051,forward,ATGCAAAGATTAT,13,23.1,31.2
Primer_288_R,139577,139589,reverse,TCGTTTTAAATTC,13,23.1,30.9
Primer_289_F,161619,161631,forward,GGTATTCCTCTAA,13,38.5,32.7
Primer_289_R,97222,97234,reverse,TGAAGCTTAAGAT,13,30.8,33.5
Primer_29_R,196453,196465,reverse,TCGTATTTTTGAA,13,23.1,32.1
Primer_290_R,163840,163852,reverse,AATGTGATGAACA,13,30.8,35
Primer_291_F,190925,190937,forward,TTTTGGGACTAGA,13,38.5,35.8
Primer_291_R,185593,185605,reverse,CTTCATCGCCTAA,13,46.2,39.2
Primer_292_F,120017,120029,forward,CCTCCAAGCTCAA,13,53.8,42.4
Primer_292_R,127006,127018,reverse,CCTTAATCATTAC,13,30.8,29.5
Primer_293_F,96794,96806,forward,TGCTCAAATTGTT,13,30.8,36.5
Primer_295_F,139366,139378,forward,AACAGAAGGCGAT,13,46.2,41.9
Primer_295_R,68109,68121,reverse,TTTTACGGGGAAC,13,46.2,39.7
Primer_296_R,143304,143316,reverse,TTAAAAAGAGGCT,13,30.8,34.2
Primer_297_R,188390,188402,reverse,TGCTCTTTTTTGC,13,38.5,39.1
Primer_298_F,112821,112833,forward,TTGGTTCATGAAG,13,38.5,36.4
Primer_298_R,200802,200814,reverse,GCCAAGATTAATG,13,38.5,34.9
Primer_299_F,190673,190685,forward,TGTTATTTTGGAG,13,30.8,32.5
Primer_299_R,103936,103948,reverse,GGTTGTGAATATT,13,30.8,32.6
Primer_301_F,80759,80771,forward,GGGGCTTGGAATG,13,61.5,44.6
Primer_301_R,115945,115957,reverse,CGTGAGGCAAATG,13,53.8,43
Primer_302_F,197859,197871,forward,GTTGTTCCCAACT,13,46.2,39.9
Primer_303_F,130601,130613,forward,TAGATGCTTTCCG,13,46.2,39.2
Primer_303_R,110501,110513,reverse,ACGGTTCCAGTAA,13,46.2,40.7
Primer_304_R,121720,121732,reverse,GACATAAACTTTC,13,30.8,31.2
Primer_306_R,135925,135937,reverse,TCCTGGCAGGATG,13,61.5,45.2
Primer_307_R,118449,118461,reverse,GGATTTTATGGCT,13,38.5,35.8
Primer_308_F,198361,198373,forward,GGGAGTTTACCTC,13,53.8,38.9
Primer_308_R,87121,87133,reverse,CTTATTTTGGATG,13,30.8,30.9
Primer_309_F,121017,121029,forward,CCTGCTCATAAGC,13,53.8,41
Primer_310_F,104243,104255,forward,TCCATTGAGGTAG,13,46.2,37.1
Primer_311_F,70217,70229,forward,CAAGCAAGAGCTT,13,46.2,40.9
Primer_312_F,176155,176167,forward,ATGGCAATCGCGG,13,61.5,48.9
Primer_312_R,146562,146574,reverse,GGTGTGTTTACAT,13,38.5,36.4
Primer_313_F,183629,183641,forward,CGCTACATCAATG,13,46.2,38.7
Primer_313_R,199048,199060,reverse,TTTCGGGATGCGC,13,61.5,48.8
Primer_314_F,78166,78178,forward,CTGCTTCAATTTT,13,30.8,34.7
Primer_314_R,102353,102365,reverse,GAATCACATGATG,13,38.5,34.6
Primer_315_F,146377,146389,forward,AAAACATTATGAG,13,23.1,29.4
Primer_315_R,83701,83713,reverse,CGCATATTGCTTC,13,46.2,39.8
Primer_316_F,105246,105258,forward,TGCGATAATAGCT,13,38.5,37.6
Primer_316_R,133967,133979,reverse,ATCTTAATTGCCT,13,30.8,33.8
Primer_317_F,110334,110346,forward,TTCCGCAAATGGC,13,53.8,45.8
Primer_317_R,77587,77599,reverse,CTAAATCACGACA,13,38.5,36.1
Primer_318_F,77890,77902,forward,AAAATAATACGTC,13,23.1,29.5
Primer_318_R,202567,202579,reverse,AGTTCAGGCTCCA,13,53.8,43.8
Primer_319_F,59887,59899,forward,ACATCTTGAATGG,13,38.5,35.9
Primer_319_R,178077,178089,reverse,ATCCCCAGTTTTT,13,38.5,37.6
Primer_32_F,159812,159824,forward,CTATTTGCATCAG,13,38.5,34.6
Primer_320_F,161375,161387,forward,CCCCATAACCGTT,13,53.8,42.4
Primer_320_R,60366,60378,reverse,TTGGAAAATTTTA,13,15.4,28.3
Primer_321_F,158077,158089,forward,TCACGTGCGTACT,13,53.8,45.7
Primer_321_R,115197,115209,reverse,CGACGTACAACCC,13,61.5,44.9
Primer_322_F,37621,37633,forward,TATTTTTGCATTC,13,23.1,31.1
Primer_322_R,193375,193387,reverse,TTCACGCTGCAGG,13,61.5,48.1
Primer_323_F,218444,218456,forward,TTGATTGGTGTAA,13,30.8,34.3
Primer_324_F,59135,59147,forward,TGAGTAAAATTTA,13,15.4,26.6
Primer_325_F,72016,72028,forward,AAACAAATTTGAA,13,15.4,30.1
Primer_326_F,190411,190423,forward,CGGTTTTCTCCTC,13,53.8,40.8
Primer_327_F,137797,137809,forward,TTTTCACTATACT,13,23.1,29
Primer_328_R,125698,125710,reverse,AACACGGCAGAGA,13,53.8,45.2
Primer_33_F,161876,161888,forward,GCGGATACACCAG,13,61.5,44.3
Primer_330_R,120976,120988,reverse,TTTTTTGCTACCG,13,38.5,38.3
Primer_331_R,191610,191622,reverse,TTACAACATGGGG,13,46.2,38.9
Primer_332_F,88467,88479,forward,AAACACTTCTGCT,13,38.5,38.7
Primer_333_F,116221,116233,forward,GGTTTGAACCTGA,13,46.2,39.5
Primer_334_F,173904,173916,forward,TTAAGCACCGCAG,13,53.8,44.4
Primer_334_R,93240,93252,reverse,TGTACGGCTTCGA,13,53.8,45.1
Primer_335_R,144813,144825,reverse,CTGATAGGAAACA,13,38.5,34.4
Primer_336_F,128334,128346,forward,AATTCCAAGATAG,13,30.8,31
Primer_336_R,152488,152500,reverse,GGTATTCCTGCTG,13,53.8,40.2
Primer_338_F,43270,43282,forward,ATCCTTACAAAAA,13,23.1,30.7
Primer_339_F,137276,137288,forward,GAATTAAGGCGGG,13,53.8,41.4
Primer_339_R,147832,147844,reverse,TGCTGAATGAATG,13,38.5,37.2
Primer_34_F,141615,141627,forward,TATAGTACTGCGG,13,46.2,37.4
Primer_340_F,146103,146115,forward,GCCATGCCATGGT,13,61.5,47.8
Primer_340_R,104679,104691,reverse,ATAAAAAAGGTCC,13,30.8,32.2
Primer_341_R,141303,141315,reverse,CAAAAAAGATTTC,13,23.1,29.7
Primer_343_F,57630,57642,forward,CAAGACATCTGTC,13,46.2,37.2
Primer_343_R,202319,202331,reverse,TTTAAAGGGAAAT,13,23.1,30.4
Primer_344_R,117465,117477,reverse,CTCCGTCCATCTG,13,61.5,43.2
Primer_346_F,151037,151049,forward,GAGCCTCTAATGA,13,46.2,37.4
Primer_346_R,170985,170997,reverse,TTGATACTTTTGC,13,30.8,33.9
Primer_347_F,60426,60438,forward,TAGTGTATACTAT,13,23.1,26
Primer_347_R,178332,178344,reverse,CTCCAGAGTCCAT,13,53.8,40.4
Primer_348_F,152297,152309,forward,TCAATTAAGGAAA,13,23.1,30.2
Primer_349_F,94514,94526,forward,TTGTTTGGATGCG,13,46.2,42.1
Primer_350_F,155043,155055,forward,AGAGCATCTCGAA,13,46.2,40.7
Primer_351_F,143844,143856,forward,ATCATCACGTTTG,13,38.5,37.5
Primer_352_F,58876,58888,forward,CCATGAAACATAA,13,30.8,32.6
Primer_353_R,66636,66648,reverse,TTACAATTAGCCT,13,30.8,33.3
Primer_354_F,143629,143641,forward,GTTGAAACTCCTT,13,38.5,36.2
Primer_354_R,128013,128025,reverse,CGCTACGTAAAAA,13,38.5,38
Primer_355_F,111552,111564,forward,ACCCAACCAGTTT,13,46.2,41.5
Primer_356_F,98809,98821,forward,TTGCATGCTTGGT,13,46.2,43.7
Primer_356_R,120468,120480,reverse,TGCCCGTTGTATT,13,46.2,42.3
Primer_357_R,104465,104477,reverse,AAAAGATGTCGAT,13,30.8,34.9
Primer_358_F,73750,73762,forward,CATACGCCCTACA,13,53.8,42
Primer_36_F,174135,174147,forward,GCCATAAACAAAG,13,38.5,35.8
Primer_36_R,162852,162864,reverse,CGTCTTGTGCAGC,13,61.5,46.8
Primer_360_F,176412,176424,forward,GGGAAATCAACGA,13,46.2,39.9
Primer_360_R,165604,165616,reverse,GTGGAATATGCCG,13,53.8,41.6
Primer_361_F,120506,120518,forward,ATTGAGAGCGAAA,13,38.5,38.8
Primer_361_R,96750,96762,reverse,CTTTGAACATATC,13,30.8,30.7
Primer_363_F,180126,180138,forward,AATATTTTAATTC,13,7.7,22.2
Primer_363_R,86850,86862,reverse,TAAAGGATTTGCT,13,30.8,34.3
Primer_364_F,103169,103181,forward,AAAAACCCGTACG,13,46.2,41.2
Primer_364_R,80949,80961,reverse,AATCCTGGGAACA,13,46.2,40.2
Primer_365_F,191918,191930,forward,GGTAGTATTTCAG,13,38.5,32.3
Primer_365_R,114921,114933,reverse,AAAAGGCAGACTC,13,46.2,39.7
Primer_366_F,84243,84255,forward,CAGCTACTAAATG,13,38.5,33.6
Primer_368_F,128084,128096,forward,AAGGCTGCGATTG,13,53.8,44.9
Primer_369_R,88919,88931,reverse,CTGCTGAAAGCAG,13,53.8,42.4
Primer_37_F,194917,194929,forward,GTAAACAGGTGAG,13,46.2,37
Primer_370_R,105701,105713,reverse,GGATTACGATCCT,13,46.2,37.6
Primer_371_R,217360,217372,reverse,TATGCGGCGTATG,13,53.8,44.1
Primer_372_R,156251,156263,reverse,GATCATATACAAA,13,23.1,27.6
Primer_373_R,200563,200575,reverse,GTTTATTCGTTAT,13,23.1,29.5
Primer_374_F,83749,83761,forward,CCGACGTGTTTGC,13,61.5,47.3
Primer_374_R,168599,168611,reverse,AAGTACATTCCAG,13,38.5,34.9
Primer_375_F,82770,82782,forward,CGCCCACCATGTT,13,61.5,47.9
Primer_375_R,166089,166101,reverse,TGCACTTTTACGT,13,38.5,39.7
Primer_377_F,95040,95052,forward,AAGTATTGTACCG,13,38.5,35.4
Primer_378_F,157551,157563,forward,TGGAGTCAGGCTC,13,61.5,44.8
Primer_378_R,198561,198573,reverse,TAACATTTATCTG,13,23.1,28
Primer_38_F,117525,117537,forward,TCACTGTCGACGA,13,53.8,44.7
Primer_38_R,123701,123713,reverse,CCAGCCAAGAGTC,13,61.5,43.9
Primer_380_R,151737,151749,reverse,CTTCGACGTTATC,13,46.2,38
Primer_381_F,127072,127084,forward,TTTTTCTCCTAAA,13,23.1,30.1
Primer_381_R,182609,182621,reverse,GCGAAGCATTTCA,13,46.2,42.3
Primer_382_F,157067,157079,forward,ACCTCCATTTTCA,13,38.5,37.4
Primer_383_F,201864,201876,forward,CTCTATAGGTTCT,13,38.5,31.8
Primer_384_F,226783,226795,forward,GGGATTTGCTATG,13,46.2,37.5
Primer_385_R,140075,140087,reverse,TCCTTTTTTTACT,13,23.1,30.6
Primer_386_F,160393,160405,forward,TAAAAAGATCAAG,13,23.1,28.8
Primer_387_F,96543,96555,forward,GTAGAACCCACTA,13,46.2,36.6
Primer_387_R,159757,159769,reverse,TAAGCTTATGAAT,13,23.1,29.6
Primer_388_F,196002,196014,forward,TCTTTCTTGAAGA,13,30.8,33.3
Primer_388_R,75334,75346,reverse,GAATTTTAATGGG,13,30.8,31.2
Primer_389_F,210970,210982,forward,ATTTTTAACTGGC,13,30.8,34.1
Primer_39_R,105944,105956,reverse,CTCCTACTTTTGC,13,46.2,37.5
Primer_390_F,107761,107773,forward,ACCATGTGCAACG,13,53.8,45.3
Primer_390_R,143059,143071,reverse,GTGGTTTCCAAAC,13,46.2,39.2
Primer_391_F,188423,188435,forward,CCCAGGAAAAGCG,13,61.5,45.4
Primer_391_R,209435,209447,reverse,ATTCTCCAGCAAA,13,38.5,38.2
Primer_392_R,111534,111546,reverse,TGGTAGTAGGTCA,13,46.2,37.9
Primer_393_F,181876,181888,forward,CAAACATTACAAC,13,30.8,32.7
Primer_393_R,76590,76602,reverse,AGGGCAAAATAGA,13,38.5,37
Primer_394_F,93013,93025,forward,GGGAGGGATGTGA,13,61.5,44
Primer_395_F,179154,179166,forward,TGTGGTATGTTAT,13,30.8,32.8
Primer_395_R,173106,173118,reverse,AACGACAAAATGC,13,38.5,39.5
Primer_396_F,118999,119011,forward,CCCTATGGAGCAA,13,53.8,41.4
Primer_396_R,140576,140588,reverse,TCTACACAAAGCT,13,38.5,37.4
Primer_397_F,205177,205189,forward,CTACGTTCTACAT,13,38.5,34.6
Primer_399_F,154302,154314,forward,CCTATAATGCGCA,13,46.2,40
Primer_399_R,179597,179609,reverse,GAGGGACTTGACG,13,61.5,43.6
Primer_40_F,141362,141374,forward,ATGGCTATCTTCT,13,38.5,35.7
Primer_40_R,91991,92003,reverse,CCCGTGTTGTACA,13,53.8,43.2
Primer_400_F,164873,164885,forward,CGTAGGTTACGCG,13,61.5,45.4
Primer_400_R,175086,175098,reverse,ACTCGACGGAAAC,13,53.8,43.6
Primer_401_R,85859,85871,reverse,AGAGCATCATGAT,13,38.5,37
Primer_402_F,178899,178911,forward,GCATGCCAGGCAT,13,61.5,48.5
Primer_402_R,196698,196710,reverse,CCATAGGCGTATA,13,46.2,37.3
Primer_403_F,108757,108769,forward,ATTCAAAACTATG,13,23.1,29.4
Primer_405_F,93285,93297,forward,TCTTTTTCGCCCC,13,53.8,44
Primer_405_R,202037,202049,reverse,GTATCGTGTAGAA,13,38.5,34.7
Primer_406_F,10156,10168,forward,AATTTTTACCGTT,13,23.1,32.7
Primer_406_R,88426,88438,reverse,CAGCGCTTAAAAT,13,38.5,38.6
Primer_409_F,143095,143107,forward,AGAACACCACCAG,13,53.8,42.3
Primer_41_R,191357,191369,reverse,CCTCTTCACTATG,13,46.2,35.5
Primer_410_R,159499,159511,reverse,GACCTTTTTGCAC,13,46.2,39.9
Primer_411_R,106465,106477,reverse,CAGGTGGACATGA,13,53.8,41.9
Primer_413_F,126521,126533,forward,ATCATGATACATT,13,23.1,29.6
Primer_413_R,115432,115444,reverse,CCTGTGAAGTCGA,13,53.8,42.3
Primer_414_F,93550,93562,forward,CGTAGATCATATA,13,30.8,29.5
Primer_414_R,12110,12122,reverse,ATATGTTAGCTTA,13,23.1,28.7
Primer_416_F,195439,195451,forward,TGTTTGTGAAGCA,13,38.5,39.9
Primer_416_R,134427,134439,reverse,GTGGGGTCTATCA,13,53.8,40.3
Primer_418_F,84987,84999,forward,TCAGTAAATACTG,13,30.8,30.8
Primer_418_R,14631,14643,reverse,GATGGGCCCATTT,13,53.8,43.2
Primer_419_R,10074,10086,reverse,TAAGCAGCTCAAT,13,38.5,38
Primer_42_F,75890,75902,forward,GTGTTTATGCTTG,13,38.5,36
Primer_42_R,189378,189390,reverse,TGGGAATACGTGT,13,46.2,40.8
Primer_420_F,42726,42738,forward,CGCATTCTGAACA,13,46.2,41.3
Primer_420_R,213991,214003,reverse,TAAATTCTTTAAC,13,15.4,25.6
Primer_421_R,137501,137513,reverse,GAAATTTTGATCG,13,30.8,33.1
Primer_422_F,178379,178391,forward,CAGCTGATGAATG,13,46.2,38.3
Primer_422_R,122968,122980,reverse,CCCTTAACCGCTA,13,53.8,41.7
Primer_423_R,109524,109536,reverse,ACGGTCTACGTGG,13,61.5,45.8
Primer_424_R,145823,145835,reverse,CTGGCGAAAAGTT,13,46.2,41.5
Primer_425_R,89171,89183,reverse,TTGCCGGAAGTGG,13,61.5,47.3
Primer_426_F,119756,119768,forward,TCACGAGCATCCC,13,61.5,46.2
Primer_427_F,145125,145137,forward,CTCGGTACGACTG,13,61.5,43.7
Primer_427_R,176832,176844,reverse,ATGTACAACAACC,13,38.5,36.4
Primer_428_R,163597,163609,reverse,AGGCGTCCTTGAC,13,61.5,46.5
Primer_429_R,73446,73458,reverse,TTTCCCATTCGTG,13,46.2,40.4
Primer_43_F,204176,204188,forward,TGGATCCACTTAA,13,38.5,36
Primer_43_R,140324,140336,reverse,ATACCTCCTGCCA,13,53.8,42.8
Primer_430_F,185895,185907,forward,GTATGATAGGTCC,13,46.2,34.5
Primer_430_R,150729,150741,reverse,GTACAGCTTATCA,13,38.5,34.8
Primer_431_F,213273,213285,forward,CTTCTGCAGCGAT,13,53.8,44.1
Primer_431_R,181339,181351,reverse,ACCCCGTTGATAA,13,46.2,40.6
Primer_433_R,198693,198705,reverse,TGTTCAAGGTAAT,13,30.8,33.7
Primer_434_F,169128,169140,forward,CAATGAAGTATGG,13,38.5,33.8
Primer_436_F,108259,108271,forward,GGCATTCCAGGAA,13,53.8,42.8
Primer_437_F,188918,188930,forward,ATAAACACCTGCA,13,38.5,38.3
Primer_438_R,38089,38101,reverse,TTATCCTGGGGAG,13,53.8,39.6
Primer_439_F,159551,159563,forward,AAAGAAAAATTTC,13,15.4,27.9
Primer_439_R,95981,95993,reverse,AACATCAAAAGCT,13,30.8,35.9
Primer_44_R,124956,124968,reverse,GAAATTGTTCGGG,13,46.2,39.1
Primer_440_F,166142,166154,forward,CCATTGCAGAGGT,13,53.8,42.9
Primer_440_R,174076,174088,reverse,CCCAAGCTCATAC,13,53.8,40.2
Primer_441_F,122011,122023,forward,CGGTTTTGCCATT,13,46.2,42.4
Primer_441_R,133434,133446,reverse,GTTGTGGGCTGTT,13,53.8,44.3
Primer_442_R,43973,43985,reverse,CTACTGTAATTAC,13,30.8,28.8
Primer_443_R,153483,153495,reverse,TTATCTTTATGCG,13,30.8,33
Primer_444_F,171025,171037,forward,AAATATGGCCTTG,13,38.5,36.3
Primer_444_R,145329,145341,reverse,ATGTTGCGGACAT,13,46.2,43
Primer_445_F,138844,138856,forward,GGTGGGCACGAAT,13,61.5,47.4
Primer_446_F,209262,209274,forward,CATAAGCATCACT,13,38.5,35.8
Primer_448_F,215828,215840,forward,TCCATCAATCACA,13,38.5,37.3
Primer_448_R,175581,175593,reverse,TACAGTATGTCCT,13,38.5,34.7
Primer_45_F,178660,178672,forward,GGTATCCCAAATA,13,38.5,33.6
Primer_45_R,120693,120705,reverse,GAGTTTTCTAACT,13,30.8,31.6
Primer_450_F,157808,157820,forward,CTTATAGACTTTG,13,30.8,29.1
Primer_450_R,206642,206654,reverse,AAATGTACTACTG,13,30.8,31.3
Primer_451_R,183606,183618,reverse,GTTTCCATGATAA,13,30.8,32.1
Primer_452_F,125767,125779,forward,GATTTTATGAGTT,13,23.1,28.9
Primer_452_R,156990,157002,reverse,TGGTTTTCTGTTG,13,38.5,37.3
Primer_453_R,116440,116452,reverse,TTATAACTGTGAG,13,30.8,30.8
Primer_455_F,86653,86665,forward,TCGTGGGCGTATA,13,53.8,44.2
Primer_455_R,142821,142833,reverse,ATATGGGGCCTGC,13,61.5,45.8
Primer_456_F,208292,208304,forward,TATTATATGCAGG,13,30.8,30.3
Primer_456_R,91475,91487,reverse,GCGCTGGTGCAAT,13,61.5,49.6
Primer_457_F,83007,83019,forward,CACAATGCTACGC,13,53.8,43.3
Primer_458_F,207776,207788,forward,TCAATTGATTTAC,13,23.1,29.5
Primer_459_F,80231,80243,forward,TTTGTCTCAATAG,13,30.8,31.8
Primer_459_R,37575,37587,reverse,TTCATTGTAGGTC,13,38.5,35
Primer_46_F,216075,216087,forward,AACAGTTTTCTTA,13,23.1,30.9
Primer_461_F,95265,95277,forward,TCATCGCCTGTCA,13,53.8,44.9
Primer_461_R,49967,49979,reverse,TCAATACAGTACT,13,30.8,31.9
Primer_463_F,121524,121536,forward,ATTAAGGTTGTTT,13,23.1,31.2
Primer_464_R,95249,95261,reverse,CATCATTGAGCAA,13,38.5,37.2
Primer_466_F,121244,121256,forward,GCTGTGAAGCCAG,13,61.5,45.5
Primer_467_F,54976,54988,forward,CGCTATGTGATAG,13,46.2,36.9
Primer_467_R,96966,96978,reverse,GGTAAAGGGAGGA,13,53.8,40
Primer_468_F,42213,42225,forward,CTTAAAAAGAGCA,13,30.8,33.2
Primer_468_R,180340,180352,reverse,GTCGGTAATCCTA,13,46.2,37.1
Primer_469_R,195629,195641,reverse,TCATGGCAACTGG,13,53.8,43.5
Primer_47_F,110823,110835,forward,CACTTAAATTCCG,13,38.5,35.1
Primer_47_R,124712,124724,reverse,ACTGGATTAAGGA,13,38.5,35.4
Primer_470_R,164317,164329,reverse,AGATTAATGCCCT,13,38.5,36.5
Primer_471_F,53702,53714,forward,TGTAAAGACAACA,13,30.8,34.4
Primer_474_F,133484,133496,forward,AATGGGTACAAAC,13,38.5,36.2
Primer_475_F,168908,168920,forward,AAATCAGCGAAAA,13,30.8,36.9
Primer_476_F,49277,49289,forward,TTGGAAAAATCAT,13,23.1,31.8
Primer_477_F,96289,96301,forward,TCATAGGGGTTAT,13,38.5,34.2
Primer_478_F,14691,14703,forward,AGCTATGCTCCTG,13,53.8,41.8
Primer_478_R,54406,54418,reverse,CACAAAAACGTTC,13,38.5,37.6
Primer_479_F,12878,12890,forward,ATAGGTTTCGAGT,13,38.5,36.5
Primer_48_F,117275,117287,forward,TTCTTGCTTAGCT,13,38.5,37.9
Primer_480_F,37879,37891,forward,TAAAGCGCACCTG,13,53.8,44.4
Primer_480_R,106691,106703,reverse,TGAAACCGAGGAG,13,53.8,42.2
Primer_481_F,101907,101919,forward,AAAATATTTCGCT,13,23.1,32.6
Primer_482_F,215262,215274,forward,CTAAGGCATATTC,13,38.5,32.9
Primer_484_F,48799,48811,forward,CCAAAGGATACTT,13,38.5,34.6
Primer_484_R,50239,50251,reverse,TACTCAAATACTG,13,30.8,30.8
Primer_485_R,103339,103351,reverse,AATGGCTGCGTTG,13,53.8,45.9
Primer_486_F,93775,93787,forward,CAAGGCCCAAAAT,13,46.2,40.9
Primer_487_F,86156,86168,forward,TTCAGCCGAGGCA,13,61.5,49
Primer_488_F,224424,224436,forward,AAAAATATGAGTA,13,15.4,26.1
Primer_488_R,42433,42445,reverse,GTCGTAACATAAA,13,30.8,32.9
Primer_489_F,130334,130346,forward,ATCTCTTTTCCTA,13,30.8,31.5
Primer_489_R,13900,13912,reverse,GCTTTCCCAACTG,13,53.8,42
Primer_49_R,177083,177095,reverse,GTTCAATTGTAAT,13,23.1,30
Primer_490_R,54915,54927,reverse,TAAGTTCAATGTT,13,23.1,31
Primer_491_F,53462,53474,forward,CCCCAATCCACAA,13,53.8,42.6
Primer_491_R,55406,55418,reverse,CCACATCCAGTTT,13,46.2,39.5
Primer_492_F,51546,51558,forward,CGTATTGTACTGC,13,46.2,38.3
Primer_492_R,54157,54169,reverse,GTATGAGTATGTG,13,38.5,32.6
Primer_493_R,142313,142325,reverse,GCCTGACAAAATT,13,38.5,37.9
Primer_494_F,212217,212229,forward,GCTTTTTTCCAAT,13,30.8,35
Primer_494_R,13620,13632,reverse,AATGTTCCCAACC,13,46.2,39.8
Primer_495_F,163623,163635,forward,CGTTGCGTATTTG,13,46.2,40.9
Primer_496_F,50046,50058,forward,GTCTTTGATGCAG,13,46.2,38.7
Primer_496_R,226761,226773,reverse,GTTGCTCTCAAGA,13,46.2,39.4
Primer_497_F,49801,49813,forward,ATTTCAGGGTCCG,13,53.8,42.5
Primer_497_R,107705,107717,reverse,AGAACAACCCGGT,13,53.8,44.8
Primer_498_R,52891,52903,reverse,TAATACTTTAAAC,13,15.4,24.6
Primer_499_R,190617,190629,reverse,ACATGATCCAGCA,13,46.2,41.2
Primer_50_F,175156,175168,forward,CCATGTCATAAAT,13,30.8,32.1
Primer_500_F,146857,146869,forward,TCGGCGTGAGCAA,13,61.5,50.3
Primer_500_R,201057,201069,reverse,CTGATAATGTTGG,13,38.5,33.8
Primer_501_R,14158,14170,reverse,AGCTAACTGCAGT,13,46.2,41.3
Primer_502_R,226231,226243,reverse,AGCAGCGTTGCCA,13,61.5,51
Primer_503_R,51500,51512,reverse,AATATACGGATCT,13,30.8,31.7
Primer_504_F,54452,54464,forward,ACAACATGCTCCC,13,53.8,43.5
Primer_505_F,49536,49548,forward,AAAAACGCTCATG,13,38.5,38.9
Primer_507_R,48244,48256,reverse,AGGGCTTCATTTA,13,38.5,37
Primer_509_F,56202,56214,forward,AGATGCTGTTCGA,13,46.2,41.6
Primer_509_R,210666,210678,reverse,ATAATTATCAAGC,13,23.1,28.6
Primer_51_R,181862,181874,reverse,CACCTTTTTGCAG,13,46.2,39.8
Primer_510_F,47302,47314,forward,AGTATTTGGTTAA,13,23.1,29.7
Primer_511_F,55221,55233,forward,GTCTTAAAAATAT,13,15.4,25
Primer_512_F,70465,70477,forward,TACGAGCATTGAA,13,38.5,38.4
Primer_514_F,79674,79686,forward,GAAAAAAAGGCTC,13,38.5,36.1
Primer_515_F,159055,159067,forward,TTTCACGCAGATG,13,46.2,41.3
Primer_515_R,94729,94741,reverse,CGAAACATTATCG,13,38.5,35.8
Primer_516_F,183396,183408,forward,AAGAATTTAAGGA,13,23.1,29.6
Primer_518_F,83989,84001,forward,CGCAGGGTGTGTT,13,61.5,47.9
Primer_519_R,93748,93760,reverse,CCCTACGCAAACT,13,53.8,43.2
Primer_52_R,93976,93988,reverse,AATACGCGATTTA,13,30.8,35.6
Primer_520_F,69727,69739,forward,GGAGCTATAGCCT,13,53.8,40.2
Primer_521_F,185670,185682,forward,GGACGACATGTTT,13,46.2,40.6
Primer_521_R,210412,210424,reverse,AACTTAATAGCCA,13,30.8,33.3
Primer_522_F,34109,34121,forward,GAAGAGTTTCTTG,13,38.5,34.3
Primer_522_R,40878,40890,reverse,AGTCGTAGAAATC,13,38.5,35
Primer_523_R,203037,203049,reverse,TTGCATGGAAGAC,13,46.2,40.3
Primer_525_F,151283,151295,forward,TTTGTGTATTGTA,13,23.1,30.7
Primer_525_R,150975,150987,reverse,CATCCCATCTATC,13,46.2,35
Primer_526_R,54672,54684,reverse,GGTGTTCCCTCTA,13,53.8,40.2
Primer_527_F,13700,13712,forward,GTCCAACAATCAT,13,38.5,36.4
Primer_528_R,49472,49484,reverse,TAGGATACAACAA,13,30.8,32.3
Primer_53_R,214984,214996,reverse,GATAGCTTGCAAG,13,46.2,38.4
Primer_530_F,210471,210483,forward,ACTTTCCACATTA,13,30.8,33.7
Primer_530_R,100405,100417,reverse,CTACAATTATTTG,13,23.1,27.4
Primer_531_F,166656,166668,forward,GTGTTGTGCTGCA,13,53.8,45.7
Primer_531_R,14378,14390,reverse,TTGGTCTGCAAAT,13,38.5,39.2
Primer_532_F,52677,52689,forward,ATACTCTTCGGCT,13,46.2,40
Primer_532_R,56393,56405,reverse,AATGATTTAGTAA,13,15.4,26.1
Primer_534_R,10322,10334,reverse,TTTTCATCACCAA,13,30.8,35.2
Primer_535_F,11740,11752,forward,TGATCACGTCTTT,13,38.5,38.2
Primer_535_R,43211,43223,reverse,GTCCTCTTTTATT,13,30.8,31.4
Primer_536_F,66656,66668,forward,TAGATACCATATA,13,23.1,25.3
Primer_536_R,150498,150510,reverse,ATGCAGTGTATTC,13,38.5,36.3
Primer_537_F,83260,83272,forward,ATCTACATAAGGT,13,30.8,31.1
Primer_537_R,183327,183339,reverse,GAACTACTGTAGT,13,38.5,33.6
Primer_538_R,151487,151499,reverse,AGCAGTCGGTGCT,13,61.5,49.1
Primer_539_F,82259,82271,forward,AGACGTTGGCATC,13,53.8,43.9
Primer_54_F,91550,91562,forward,AGCTCTGTAACCC,13,53.8,41.4
Primer_54_R,89450,89462,reverse,TCTCCACATGTAA,13,38.5,36.2
Primer_540_F,203112,203124,forward,TTTAGCGAATGTC,13,38.5,37.1
Primer_540_R,24733,24745,reverse,ATGAAGGTTTTTC,13,30.8,33.4
Primer_543_F,211722,211734,forward,GTGAATAGGACTC,13,46.2,35.6
Primer_543_R,23400,23412,reverse,TGATTTGGCTATC,13,38.5,35.6
Primer_546_R,55929,55941,reverse,GACAACAACAGCT,13,46.2,40.9
Primer_547_R,58099,58111,reverse,CAAACAATTCCTG,13,38.5,35.6
Primer_548_F,174400,174412,forward,CATCGGGTGTTGT,13,53.8,43.7
Primer_549_F,28344,28356,forward,TAGATAATTGTTG,13,23.1,28
Primer_55_F,141128,141140,forward,GCATAACAAAAGT,13,30.8,34.3
Primer_55_R,201287,201299,reverse,TCCATTGGGTTAA,13,38.5,36.8
Primer_550_F,86932,86944,forward,GATTCCAGTGAAA,13,38.5,35.9
Primer_550_R,12830,12842,reverse,AAGTGAAATTTTA,13,15.4,28
Primer_551_F,227750,227762,forward,GCTCGATGTCGTC,13,61.5,45.3
Primer_551_R,23630,23642,reverse,TGCCTAATCATCA,13,38.5,36.9
Primer_553_F,100718,100730,forward,ACAGCTACATGTA,13,38.5,36.5
Primer_553_R,9478,9490,reverse,TGGTGGCATGGAG,13,61.5,46.2
Primer_554_R,134675,134687,reverse,CACATTACCTATT,13,30.8,31.1
Primer_555_R,44979,44991,reverse,TATATTAAGCGAG,13,30.8,31
Primer_556_F,23429,23441,forward,AAGTAGTTTCATA,13,23.1,29
Primer_558_F,212762,212774,forward,GGCCGTAGCAACA,13,61.5,47.6
Primer_558_R,194139,194151,reverse,CTTGCATGACCTT,13,46.2,40.2
Primer_559_R,69928,69940,reverse,CTTTATGAGAACC,13,38.5,33.2
Primer_56_F,130850,130862,forward,GCCTGAAGCTCAT,13,53.8,43.2
Primer_560_R,73718,73730,reverse,CAGTACCATTTCA,13,38.5,35.4
Primer_561_F,65905,65917,forward,ATACTCCATGCTG,13,46.2,38.4
Primer_562_F,122260,122272,forward,GCATTGTCAATAT,13,30.8,33.5
Primer_563_F,204419,204431,forward,ATCTTAACCAAAT,13,23.1,30.2
Primer_563_R,183078,183090,reverse,AGTAGCTCGTGTT,13,46.2,41.1
Primer_564_F,124508,124520,forward,TGGGCAGCCCTTT,13,61.5,49
Primer_565_F,214265,214277,forward,ACTGTGTAATTTA,13,23.1,30
Primer_566_F,213781,213793,forward,TATTATTGCCAGT,13,30.8,33.4
Primer_566_R,157992,158004,reverse,GCTATGTCCATAA,13,38.5,34.7
Primer_567_R,83449,83461,reverse,CTTTTACGATTTA,13,23.1,29.5
Primer_569_R,158510,158522,reverse,CCCCTACCTTTTC,13,53.8,39.2
Primer_57_F,140857,140869,forward,TTGGGTTGGAGCG,13,61.5,47.3
Primer_570_F,79270,79282,forward,TAGGCCACGTATA,13,46.2,39
Primer_570_R,207750,207762,reverse,TACGGAACGTTAT,13,38.5,37.6
Primer_572_R,33706,33718,reverse,TATCATCGGCATA,13,38.5,36.4
Primer_573_F,209755,209767,forward,GAAATTCTCAGAG,13,38.5,33.4
Primer_574_F,63915,63927,forward,ATATCATTCACAC,13,30.8,31.9
Primer_575_R,160317,160329,reverse,TAAGAATTCGAGC,13,38.5,36.2
Primer_576_R,71327,71339,reverse,TTCCTAATCCAGA,13,38.5,34.9
Primer_577_F,92014,92026,forward,CTAGTGCCTACAA,13,46.2,37.8
Primer_577_R,212446,212482,reverse,TAAAAATATAGGA,13,15.4,24.2
Primer_579_F,199096,199108,forward,CAATCGAGTGAAG,13,46.2,38
Primer_58_F,134736,134748,forward,GGAAGAGCTGTAT,13,46.2,37.8
Primer_580_F,63166,63178,forward,TCTTACGTGGATG,13,46.2,38.7
Primer_580_R,112781,112793,reverse,CCAAAGGTGTGAA,13,46.2,39.9
Primer_581_R,215998,216010,reverse,TACCATCCCAAAA,13,38.5,36.8
Primer_582_R,206406,206418,reverse,CATGTTGAGGCAA,13,46.2,40.8
Primer_583_F,65163,65175,forward,ACGAGTGGGTGAT,13,53.8,44.1
Primer_583_R,211896,211908,reverse,GAAATGGAGGAGG,13,53.8,39.4
Primer_584_F,10380,10392,forward,TAAATATGGTAAG,13,23.1,26.7
Primer_586_F,151804,151816,forward,GTCCCAGTAGCTA,13,53.8,40.1
Primer_586_R,62589,62601,reverse,ATTTTTATCCAGA,13,23.1,29.7
Primer_587_R,63859,63871,reverse,TATCTGCTTAAGA,13,30.8,32
Primer_588_F,41206,41218,forward,GTTACTCAAACGT,13,38.5,37
Primer_589_F,218946,218958,forward,ATAATCACATGAA,13,23.1,30.1
Primer_589_R,175332,175344,reverse,TGTTGGATACCAA,13,38.5,37
Primer_59_F,181648,181660,forward,AAAAAGATAACCA,13,23.1,30.7
Primer_590_R,219149,219161,reverse,TACTTATAGGAAT,13,23.1,26.6
Primer_591_F,128820,128832,forward,ACACGTTTTAAAT,13,23.1,33
Primer_591_R,229566,229578,reverse,ATTTCACTAATAG,13,23.1,27.4
Primer_592_F,127589,127601,forward,AAACTCAACAATA,13,23.1,31
Primer_592_R,229056,229068,reverse,TCATTTTCTTTAT,13,15.4,27
Primer_593_F,34596,34608,forward,AAATCATGGCTAT,13,30.8,33.9
Primer_594_F,73518,73530,forward,AGTCTTGGCGCTA,13,53.8,44.9
Primer_594_R,134191,134203,reverse,GGGTTCGATCTGT,13,53.8,42.3
Primer_595_F,38358,38370,forward,AAAAGTCTTTACT,13,23.1,30.3
Primer_597_F,46824,46836,forward,ATATTTATTGAGT,13,15.4,25.5
Primer_598_F,203712,203724,forward,GATAAATGCGCAT,13,38.5,38.3
Primer_598_R,127773,127785,reverse,TAACAAGCCAAGA,13,38.5,37.7
Primer_599_F,74880,74894,forward,AAACGATCTAGAT,13,30.8,32.9
Primer_60_F,136239,136251,forward,TTCCCATCGTTAG,13,46.2,38.5
Primer_601_R,153750,153762,reverse,AAAGTATGGCCGC,13,53.8,44.4
Primer_602_F,138376,138388,forward,TGATCGGTAGGAA,13,46.2,39.3
Primer_603_F,226554,226566,forward,CAAGGCTATTGAG,13,46.2,37.1
Primer_603_R,71571,71583,reverse,AAGCTATAACATC,13,30.8,31.4
Primer_604_R,204149,204161,reverse,TCGTTCAAGGAGT,13,46.2,40.8
Primer_605_F,229366,229378,forward,AAAGAAATGCTTG,13,30.8,34.7
Primer_606_F,75366,75378,forward,CATTTTTTCCGAA,13,30.8,34.9
Primer_606_R,12342,12354,reverse,CGAGCAATGTTAA,13,38.5,37.6
Primer_609_R,42967,43018,reverse,TAAATTTTATACT,13,7.7,22.1
Primer_61_R,207975,207987,reverse,TCCCTTATACTAC,13,38.5,31.7
Primer_610_R,59871,59883,reverse,GTCAATAAAGAAT,13,23.1,28.9
Primer_611_F,52039,52051,forward,GCAGTGTTCATCT,13,46.2,40
Primer_611_R,228807,228819,reverse,GTCATTGCCTACA,13,46.2,39.4
Primer_612_F,47823,47835,forward,TTCTTCGTGAGGG,13,53.8,42.2
Primer_612_R,80193,80205,reverse,ATGTTTTTTGATG,13,23.1,31.4
Primer_613_F,8740,8752,forward,TGCCCGATTGATG,13,53.8,43.9
Primer_614_R,228298,228310,reverse,ATCCCTTACCAAA,13,38.5,36.2
Primer_615_R,229307,229319,reverse,GAAATTAATCCAT,13,23.1,28.7
Primer_616_R,49730,49742,reverse,GATTTAAGATGAC,13,30.8,30.2
Primer_619_F,71628,71650,forward,ATATAATCTTTAC,13,15.4,23
Primer_619_R,49249,49261,reverse,TTTTTCACTAACA,13,23.1,31.5
Primer_62_R,115693,115705,reverse,CATGTGCAGACCA,13,53.8,43.6
Primer_620_R,47270,47282,reverse,CTATGACCTCAAA,13,38.5,34.4
Primer_621_R,216854,216866,reverse,GTTAACGCGGATT,13,46.2,41.5
Primer_622_F,45059,45071,forward,TATCTAAAATGGG,13,30.8,30.3
Primer_622_R,46020,46032,reverse,CTGCACAAAAGAT,13,38.5,37.6
Primer_623_F,136977,137049,forward,CATGGGATGTGGC,13,61.5,44.9
Primer_623_R,5817,5829,reverse,TGAAGAAAAGTAT,13,23.1,29.9
Primer_624_R,227945,227957,reverse,GACATGCTAATAG,13,38.5,33.2
Primer_625_F,9278,9290,forward,ATTCCAAGTATGC,13,38.5,36.1
Primer_625_R,199734,199746,reverse,AAGTCATGATCAG,13,38.5,35.1
Primer_628_R,6038,6050,reverse,CGGGCAATGATTA,13,46.2,40.1
Primer_629_F,6104,6116,forward,TCATACATACAGG,13,38.5,33.6
Primer_629_R,49001,49013,reverse,GTGAGACAGTAGT,13,46.2,37.4
Primer_63_F,158315,158327,forward,TCTGAGTTTGCAG,13,46.2,39.9
Primer_630_F,6532,6544,forward,CGCACCTAACTTT,13,46.2,40.6
Primer_630_R,170356,170368,reverse,TATTCTTGTGCGT,13,38.5,38.9
Primer_631_R,171844,171856,reverse,TTAAATAGCCATC,13,30.8,31.8
Primer_632_F,198853,198865,forward,GTTCTAATATTTA,13,15.4,23.6
Primer_632_R,128767,128779,reverse,GTGCTAGCTTAAA,13,38.5,36.3
Primer_633_F,195655,195667,forward,AACTGGGTTGTCC,13,53.8,42.6
Primer_633_R,230049,230061,reverse,CAAAGAACTAATA,13,23.1,27.9
Primer_634_R,160072,160137,reverse,TGAGCAAATTGTT,13,30.8,36.5
Primer_635_R,67180,67192,reverse,AACTAATGTATTA,13,15.4,25.1
Primer_636_F,49053,49065,forward,TATGTTGCCACTT,13,38.5,38.3
Primer_636_R,226009,226021,reverse,TATTTGGTAAGTA,13,23.1,28.3
Primer_637_F,230102,230114,forward,TTGATCGTTGCAA,13,38.5,40.3
Primer_638_F,199639,199651,forward,TAGCTTAACTCCA,13,38.5,35.7
Primer_64_F,155796,155808,forward,TCAAGTGTATTTT,13,23.1,31
Primer_644_F,111820,111832,forward,TTTCCCTGAAATG,13,38.5,36.1
Primer_644_R,24005,24017,reverse,CAGGTGCCATTTG,13,53.8,42.6
Primer_645_F,71139,71151,forward,CTGCTTGAGCATA,13,46.2,39.6
Primer_646_R,230779,230791,reverse,CGTATTTTATACA,13,23.1,28.6
Primer_647_R,30491,30503,reverse,TTTATTATGACAA,13,15.4,26.7
Primer_65_F,172144,172156,forward,AAGAAATGAAAGC,13,30.8,34.2
Primer_65_R,110776,110788,reverse,TCCATTAAAAGCG,13,38.5,37.4
Primer_651_F,152534,152546,forward,TGTGACTAAATTT,13,23.1,31
Primer_651_R,10614,10626,reverse,ATAAACCGATCAA,13,30.8,34.2
Primer_652_R,120156,120168,forward,GGTGAAGGAAATG,13,46.2,37.7
Primer_654_F,103397,103418,forward,ATCTAATGCATCA,13,30.8,33.7
Primer_655_F,39283,39295,forward,GGGGTCTTTAATA,13,38.5,33.5
Primer_655_R,149983,149995,reverse,AAGTTTCTTTCCG,13,38.5,37.1
Primer_656_R,217622,217637,reverse,TTATGAACTACAA,13,23.1,29.6
Primer_657_F,100214,100226,forward,TGGTCTATTTTGG,13,38.5,35.2
Primer_657_R,213457,213469,reverse,TGACAAGCAATGT,13,38.5,39.4
Primer_658_F,150025,150037,forward,CTCTAAAAATGCG,13,38.5,35.9
Primer_658_R,82719,82731,reverse,GTCAGCAGAATCA,13,46.2,39.5
Primer_659_F,216662,216674,forward,ATATACAATGCTT,13,23.1,30.2
Primer_659_R,66122,66134,reverse,TTTACTATTTCTG,13,23.1,27.9
Primer_66_F,107995,108007,forward,TGTTGGATAGGCG,13,53.8,42.9
Primer_66_R,170089,170101,reverse,TCATATTGGGTTC,13,38.5,34.8
Primer_660_F,211466,211478,forward,AGTAAACTAATGC,13,30.8,32.4
Primer_662_R,149761,149773,reverse,GTTAAAAACCAAC,13,30.8,32.9
Primer_663_F,74063,74260,forward,GTCTTATGTCATG,13,38.5,33.6
Primer_663_R,56150,56162,reverse,TTTGAAGAATCGG,13,38.5,36.8
Primer_664_F,149554,149566,forward,CTAACATTGAATT,13,23.1,29.4
Primer_664_R,149512,149524,reverse,GTGCGAGCACAAT,13,53.8,45.5
Primer_665_F,98567,98579,forward,TAGATGTTTGCAT,13,30.8,34.6
Primer_666_R,82955,82967,reverse,TTCTAAGACCACT,13,38.5,35.5
Primer_667_R,149237,149249,reverse,TATGCGACATCCC,13,53.8,42.5
Primer_668_R,40144,40156,reverse,AATTTATAACTTA,13,7.7,22.1
Primer_669_F,99913,99938,forward,TAATTTTTATGAG,13,15.4,25.1
Primer_671_R,99776,99797,reverse,TAAATCTGTATAG,13,23.1,25.9
Primer_673_R,100663,100675,reverse,ATTAAGGATATCT,13,23.1,27.1
Primer_674_R,35333,35404,reverse,GACTAGGCTTAAT,13,38.5,34
Primer_675_F,234148,234175,forward,AATTGATACCCAC,13,38.5,35.3
Primer_675_R,38959,38994,reverse,CATTGCTTTAGCA,13,38.5,37.8
Primer_676_R,50981,50993,reverse,ATGCTTGGCAAAA,13,38.5,40.8
Primer_677_F,206435,206447,forward,TTTCCATGGTTAA,13,30.8,34
Primer_679_R,216261,216340,reverse,GATAGATAGGTTA,13,30.8,28.1
Primer_68_F,173133,173145,forward,AGCGGATTCCATC,13,53.8,42.9
Primer_68_R,196964,196976,reverse,TTAGCTGCATTAG,13,38.5,35.8
Primer_681_F,179421,179433,reverse,TAGAGTCTGTAAA,13,30.8,31.4
Primer_683_F,150026,150038,forward,TCTAAAGATGCGT,13,38.5,37.8
Primer_683_R,113006,113018,reverse,GACATCTAAATGC,13,38.5,34.6
Primer_684_F,85006,85018,forward,CCCATCTTCACAA,13,46.2,39
Primer_684_R,14934,14946,reverse,TCTTTAGTTACCT,13,30.8,31.5
Primer_685_R,23853,23865,reverse,TCACCCAGCATCC,13,61.5,45.7
Primer_686_R,195218,195230,forward,TTAGAATGGTTCA,13,30.8,33.2
Primer_687_R,108679,108691,reverse,CTGCAAAGGGATG,13,53.8,41.6
Primer_688_R,203761,203806,reverse,TATATCTCATAAG,13,23.1,24.9
Primer_689_R,191110,191122,reverse,GAATGGATGAAAA,13,30.8,33.1
Primer_69_R,87882,87894,reverse,CCACGAAAAAGAG,13,46.2,38.7
Primer_696_R,147329,147341,forward,AACAACTCCACAA,13,38.5,38.5
Primer_70_R,188102,188114,reverse,ACCAGCCAACCTC,13,61.5,46.1
Primer_700_R,5487,5499,forward,GTATAAGATAGCA,13,30.8,30
Primer_701_R,57840,57852,reverse,CTCCCATGATAAC,13,46.2,35.9
Primer_702_F,107274,107286,reverse,TTCTTTCCACTCT,13,38.5,36.5
Primer_707_F,98568,98580,forward,AGATGTTTGCACG,13,46.2,41.7
Primer_709_F,51071,51083,forward,AATATTCCCAAAT,13,23.1,30
Primer_709_R,36807,36819,reverse,ACTGAAATTAGTT,13,23.1,30.4
Primer_71_R,169101,169113,reverse,TTCATGAAGTAAT,13,23.1,30
Primer_710_F,238282,238294,forward,TATTGCGTGCTAA,13,38.5,39
Primer_711_F,14935,14947,forward,GGTAACTAAAGAA,13,30.8,31
Primer_712_R,123858,123870,forward,GTTGGAATGGCAC,13,53.8,42.6
Primer_714_F,231720,231733,forward,CATCAATATATAA,13,15.4,23.2
Primer_715_F,6282,6294,reverse,TATAGTATGGCGA,13,38.5,35.4
Primer_718_R,49119,49131,reverse,TGACATCTAAATA,13,23.1,28.6
Primer_72_F,193906,193918,forward,ACGATGCCATACA,13,46.2,41.6
Primer_72_R,106202,106214,reverse,GGTAAAACAGTTG,13,38.5,35.1
Primer_720_R,158997,159009,forward,ACTATCTAAAATT,13,15.4,25.4
Primer_721_F,206266,206278,forward,ATGCTTGTTTAGC,13,38.5,37.7
Primer_725_R,149985,149997,reverse,CTAAATTTCTTTC,13,23.1,27.8
Primer_726_F,228695,228707,reverse,AATACGCTCGCTT,13,46.2,43
Primer_728_F,39114,39126,forward,AATGATGCTTAAC,13,30.8,33.4
Primer_729_R,9324,9336,forward,TCTGCACCCCACT,13,61.5,47.6
Primer_729_R,47601,47613,forward,TCTGCACCCCACT,13,61.5,47.6
Primer_729_R,6601,6613,forward,TCTGCACCCCACT,13,61.5,47.6
Primer_73_F,170159,170171,forward,ATATGGAGGCTGT,13,46.2,39.5
Primer_730_F,9292,9304,reverse,ACTGTTAATACGG,13,38.5,35.4
Primer_732_R,186602,186614,forward,TCTCTACATACTA,13,30.8,29.4
Primer_734_F,4986,4999,forward,TTACATACTTTGA,13,23.1,29.6
Primer_735_F,5339,5351,forward,GAGAACAGCGACT,13,53.8,43
Primer_736_F,74958,74981,forward,TTTAGTTAATTAA,13,7.7,22.6
Primer_736_R,117140,117162,reverse,ACTAGGGTTTAAA,13,30.8,32.3
Primer_737_F,175506,175518,reverse,GGAGTATCATGGA,13,46.2,36.7
Primer_737_R,35686,35709,forward,AGTTTAGACTTTA,13,23.1,28.9
Primer_738_R,50985,51000,reverse,CCGCATACTTGGC,13,61.5,45.8
Primer_74_F,174910,174922,forward,CTTTCATCATTTG,13,30.8,32.1
Primer_74_R,42675,42687,reverse,TGTATCAATATAA,13,15.4,24.7
Primer_740_R,230455,230467,forward,GATCTATAGCTAC,13,38.5,30.8
Primer_744_R,24769,24782,forward,TACCACACATGTT,13,38.5,37.7
Primer_747_R,229033,229045,reverse,GGTCAACACCTTT,13,46.2,39.9
Primer_748_F,218945,218957,forward,TATAATTACATGA,13,15.4,24.7
Primer_75_R,163075,163087,reverse,CTACCCCAGGTTT,13,53.8,41
Primer_751_R,212002,212014,reverse,TATGATGAAGGAA,13,30.8,32.3
Primer_753_F,230163,230175,reverse,TGATCAAGAAATA,13,23.1,29.6
Primer_757_F,109815,109827,forward,TGATATAGTAATG,13,23.1,26
Primer_758_R,45252,45264,reverse,GTTTACCGAGTGG,13,53.8,40.9
Primer_76_R,119956,119968,reverse,TTCCATTGCAGCC,13,53.8,44.5
Primer_760_F,73533,73545,forward,TCTCCGACTAGAG,13,53.8,39.5
Primer_762_R,126218,126230,forward,GGATTAAAAAGTT,13,23.1,29.6
Primer_763_F,6040,6052,reverse,ATCGGGCAATGAT,13,46.2,41.9
Primer_766_R,8641,8653,forward,TTGGTTTGCTAAT,13,30.8,35.3
Primer_767_R,173330,173342,reverse,AGATTACTGATAT,13,23.1,27.4
Primer_768_F,52949,52961,forward,AACATATGACAGT,13,30.8,33.5
Primer_769_R,111607,111619,reverse,AATCACAGCATTC,13,38.5,37.2
Primer_77_R,157752,157764,reverse,AAAGACAGCAAGG,13,46.2,40.1
Primer_771_F,138373,138385,forward,AAATGATCGGTGG,13,46.2,40
Primer_771_R,179282,179294,reverse,TCATCTTAAAGGG,13,38.5,34.1
Primer_772_F,216748,216760,forward,CATTGGTTACATC,13,38.5,34.3
Primer_772_R,75586,75598,reverse,GATCCATGGATTG,13,46.2,36.9
Primer_773_R,194615,194627,reverse,CGGCCTACCTTTA,13,53.8,41.7
Primer_774_F,41201,41213,forward,ATAATGTTACTCA,13,23.1,29.1
Primer_776_R,88082,88094,reverse,CTCAGTATCAAAC,13,38.5,33.5
Primer_777_F,219084,219096,forward,TGTTTTTTTCGGC,13,38.5,39.7
Primer_778_F,169426,169438,forward,TTTGGGTTTAATT,13,23.1,31.5
Primer_779_F,209738,209750,forward,TCATTCACTGAGA,13,38.5,36.3
Primer_779_R,146078,146090,reverse,CCTTAAACCCAGG,13,53.8,39.7
Primer_78_R,128276,128288,reverse,AGAAAAAATGCTG,13,30.8,34.7
Primer_780_R,73230,73242,reverse,TTATTCAATTTAT,13,7.7,23.2
Primer_781_R,182616,182628,forward,CTCCGCTTCCAAC,13,61.5,45.1
Primer_783_F,50554,50566,forward,GTAAATAGTTTTA,13,15.4,24.6
Primer_783_R,212171,212183,reverse,TGAATTCCTCGAT,13,38.5,37.1
Primer_785_R,213152,213164,forward,TGAGATTTTTCAT,13,23.1,31
Primer_79_R,119464,119476,reverse,GAAAAGTTTTCGG,13,38.5,36.4
Primer_790_F,63367,63379,forward,AGGACTTTTACCC,13,46.2,37.8
Primer_792_F,10152,10164,forward,TCCCAATTTTTAC,13,30.8,32.8
Primer_793_F,129458,129470,forward,CTTGTTTTTGGTC,13,38.5,36
Primer_793_R,186687,186699,reverse,AATTATTATCACT,13,15.4,25.5
Primer_795_F,64127,64139,forward,TGAGTGAATACAT,13,30.8,33
Primer_795_F,62413,62425,forward,TGAGTGAATACAT,13,30.8,33
Primer_795_R,164601,164613,reverse,TTACTATAACTTT,13,15.4,25
Primer_796_F,212773,212785,forward,CAAACACATACTC,13,38.5,34.5
Primer_798_R,58350,58362,reverse,TTGCATAAAGAAG,13,30.8,33.3
Primer_799_F,213791,213803,forward,AGTAGTCATTGTT,13,30.8,33.4
Primer_799_R,71085,71097,reverse,TACACATTCTTTT,13,23.1,31
Primer_80_R,214721,214733,reverse,CAGATGCTGCGTA,13,53.8,43.7
Primer_800_R,177725,177737,reverse,TCATAAAGCGGAT,13,38.5,37.7
Primer_801_R,66170,66182,reverse,GCCATTTTGACAA,13,38.5,38.5
Primer_801_R,49216,49228,reverse,GCCATTTTGACAA,13,38.5,38.5
Primer_802_F,122277,122289,forward,TAAAAACGGCGGA,13,46.2,43.1
Primer_803_R,158022,158034,reverse,GGAACATCTACCT,13,46.2,37.1
Primer_804_F,63160,63172,forward,TGAGATTCATACG,13,38.5,35.2
Primer_808_F,175390,175402,forward,CATCCTTTTTCCA,13,38.5,36.1
Primer_809_F,230640,230652,forward,CTGTTCTCAATAA,13,30.8,31.8
Primer_81_F,112306,112318,forward,ATATTTTTCCTAG,13,23.1,27
Primer_811_F,124493,124505,forward,GCATTTCCAAAAC,13,38.5,37.2
Primer_811_R,194137,194149,reverse,TGCATGGCCTTTT,13,46.2,43.5
Primer_812_R,10556,10568,forward,ACCTATTTCTTAT,13,23.1,28.1
Primer_814_R,49731,49743,reverse,TGATCTAAGATGA,13,30.8,31.5
Primer_816_F,91781,91793,forward,AACTCAAGAATAG,13,30.8,31.2
Primer_816_R,142951,142963,forward,GTTTGGTAAGAAT,13,30.8,32.5
Primer_817_R,215761,215773,forward,AAATCAAGGGATA,13,30.8,32.4
Primer_819_R,207731,207743,reverse,TGCTACCCCTTTG,13,53.8,42.3
Primer_82_F,202362,202374,forward,AAGGCTGTGATAA,13,38.5,37.2
Primer_82_R,135432,135444,reverse,TTCCCGAGAACTC,13,53.8,41.7
Primer_821_R,206412,206424,reverse,AGTCTCCATTTTG,13,38.5,35.8
Primer_822_F,6682,6694,reverse,TTAAACAAGGTTT,13,23.1,31.7
Primer_822_R,138284,138296,forward,ATATAACACTTTG,13,23.1,28.4
Primer_822_R,98747,98760,reverse,ATATAACACTTTG,13,23.1,28.4
Primer_823_R,157250,157262,forward,AGTCCAAACACGG,13,53.8,43.6
Primer_825_F,29651,29729,forward,ATAGACTAATCAT,13,23.1,27.4
Primer_826_R,213963,213975,forward,AAGCAAGCTGTTT,13,38.5,40.3
Primer_827_F,183169,183181,forward,GTGTGGCCAATAC,13,53.8,41.7
Primer_828_R,48987,48999,reverse,AATTCAAGGTTTT,13,23.1,32.1
Primer_829_F,23731,23743,forward,CGAAATAGACTCA,13,38.5,35.1
Primer_83_F,141844,141856,forward,TCCATAGGACAAG,13,46.2,37.1
Primer_830_R,206078,206090,forward,ATATCACACATTT,13,23.1,30.6
Primer_831_F,58649,58661,forward,AAAAATAAACCTA,13,15.4,26.7
Primer_832_F,144346,144358,forward,ATATCCAAGAAGT,13,30.8,32.1
Primer_833_R,229317,229329,reverse,AGCATTAATGGAA,13,30.8,34.4
Primer_836_F,162309,162321,reverse,TATACTCAAAGGC,13,38.5,34.6
Primer_836_R,5909,5921,forward,CTAATAAGATATT,13,15.4,22.4
Primer_84_F,198576,198588,forward,ATTGCTCACATCA,13,38.5,38.5
Primer_840_R,134878,134890,forward,CTATAATCATATA,13,15.4,21.1
Primer_842_R,163251,163263,forward,TAAACGGCTTTAA,13,30.8,35.3
Primer_843_R,134683,134695,reverse,TATCCGATCACGT,13,46.2,40.4
Primer_844_F,113485,113499,forward,ATCTAATGGGCAT,13,38.5,36.6
Primer_844_R,114007,114019,reverse,ATGGAGATTAACC,13,38.5,34.2
Primer_845_R,15024,15037,forward,AAAAACAGCCTTT,13,30.8,36.6
Primer_846_R,42067,42079,forward,CGAGCGTGTAACA,13,53.8,44.3
Primer_847_R,168878,168890,reverse,AGGTCTTGAAGCA,13,46.2,41
Primer_849_R,78826,78838,reverse,TTAAATATCACAT,13,15.4,26.2
Primer_85_R,187883,187895,reverse,CTTTGATGACGGT,13,46.2,40
Primer_850_F,73634,73646,forward,AAAAAGCATTCCT,13,30.8,35.7
Primer_851_R,99265,99277,reverse,GTACTTTTTCTTA,13,23.1,28.4
Primer_852_F,192655,192667,forward,ATACCTTTTCGTT,13,30.8,34.6
Primer_852_R,203447,203459,forward,TTTTATTTTTTCT,13,7.7,25.1
Primer_86_F,85906,85918,forward,CCTGAGTTTGTAA,13,38.5,35.3
Primer_86_R,129019,129031,reverse,GTACATCCGCGAG,13,61.5,44.8
Primer_860_R,151490,151502,reverse,CAGAACAGTCGGT,13,53.8,42.8
Primer_861_F,97775,97787,forward,GTCTGTTGCCTAA,13,46.2,39.3
Primer_861_R,175908,175920,forward,GGTTTAACGGCGC,13,61.5,47.3
Primer_863_R,112398,112410,reverse,ATTTTCATTAGTA,13,15.4,26.1
Primer_865_F,114227,114239,forward,GTAGCCTAACAGT,13,46.2,37.8
Primer_867_F,459,471,reverse,TTAATACCTATCG,13,30.8,30.2
Primer_869_R,150486,150498,reverse,CACTTCGTAAAAC,13,38.5,35.8
Primer_87_F,142363,142375,forward,CCCAAAGATAGTT,13,38.5,34.6
Primer_87_R,125475,125487,reverse,TAAGAGTATTGCC,13,38.5,34.6
Primer_870_F,141463,141475,forward,GCCGTAGCATATG,13,53.8,41.5
Primer_871_F,59369,59381,forward,GGGAATGATGAGG,13,53.8,39.5
Primer_872_R,183564,183576,forward,TAAAGCGTCTTAT,13,30.8,34
Primer_873_F,90817,90829,forward,ACATGAGTATTTA,13,23.1,29.1
Primer_874_F,43529,43541,forward,AAAGGAGATAGCT,13,38.5,35.6
Primer_877_R,69437,69449,forward,TAAACCCTATGTT,13,30.8,32.5
Primer_879_F,66666,66678,forward,ATAATGAATGATT,13,15.4,26.6
Primer_879_F,59410,59422,reverse,ATAATGAATGATT,13,15.4,26.6
Primer_879_R,10339,10351,reverse,TATAACATGTTCC,13,30.8,31.2
Primer_880_R,95715,95727,reverse,CGCCGAGGTTATT,13,53.8,43.6
Primer_881_F,75468,75480,forward,GGGTCAATTATTT,13,30.8,32.3
Primer_882_R,164761,164773,forward,GCGATTCCCAATC,13,53.8,42.1
Primer_883_F,44739,44751,forward,GCAACCGTAATAA,13,38.5,37
Primer_884_F,33090,33102,forward,CTTCCATACTCAT,13,38.5,33.9
Primer_885_R,204063,204075,reverse,CTTCCCTTCAAAA,13,38.5,36
Primer_887_R,218560,218572,forward,ATCATGTAATGGT,13,30.8,33.3
Primer_888_F,173694,173706,forward,GTCGTATAGTGAA,13,38.5,34.7
Primer_888_R,68633,68645,reverse,GTTATGCTTCGCA,13,46.2,41.5
Primer_889_F,66191,66203,forward,TAATGAGAGTGGA,13,38.5,35.1
Primer_889_R,58080,58092,reverse,TCCCTCATCTGTC,13,53.8,40.5
Primer_89_F,202850,202862,forward,GCCACATTATGTT,13,38.5,37.1
Primer_891_F,64250,64262,forward,ATTTTAGAATATG,13,15.4,24.5
Primer_891_R,151255,151267,reverse,TCCTAATCTTATG,13,30.8,29.5
Primer_893_F,6036,6048,forward,GGTAATCATTGCC,13,46.2,38
Primer_894_R,69600,69612,reverse,ATGAAATTCTGTA,13,23.1,30
Primer_896_F,47099,47111,reverse,AGATTATAGGTAT,13,23.1,26.1
Primer_896_R,179510,179522,forward,CATCCCATCTATT,13,38.5,33.7
Primer_897_F,226207,226219,reverse,AACATCCTGTTTA,13,30.8,33.7
Primer_897_R,13745,13759,forward,ATGATTCTAAAAA,13,15.4,27
Primer_898_R,201823,201835,reverse,ACTGGATTGGATA,13,38.5,35.5
Primer_899_F,75616,75628,forward,CAAATAGTGTAAG,13,30.8,30.2
Primer_90_R,178588,178600,reverse,CAGTCCTGGGAAA,13,53.8,41.6
Primer_900_F,141123,141135,forward,GAAAAGCATAACA,13,30.8,33.9
Primer_904_F,52648,52660,forward,ATGACTATAATTT,13,15.4,25.5
Primer_908_R,112353,112365,forward,AAACAACCATCTG,13,38.5,36.8
Primer_91_F,97544,97556,forward,CTTTGCCGTAGAA,13,46.2,40.1
Primer_91_R,193116,193128,reverse,TTTTGTACCCTAC,13,38.5,34.7
Primer_910_F,166784,166796,forward,TTTTAACAAGAAA,13,15.4,28.6
Primer_910_R,93735,93747,reverse,GTACCCAACCTGC,13,61.5,44.3
Primer_911_R,35712,35724,reverse,CTCAAATAGCCAA,13,38.5,36
Primer_913_R,53668,53680,forward,ATAATTGCATGAC,13,30.8,33.5
Primer_915_R,212017,212029,reverse,TACTGAAATTATT,13,15.4,26.1
Primer_916_F,10341,10353,reverse,TACATGACATGTT,13,30.8,34.1
Primer_917_R,238282,238294,forward,TTTCACCCACAAC,13,46.2,40.5
Primer_917_R,211397,211409,reverse,TTTCACCCACAAC,13,46.2,40.5
Primer_918_F,210693,210705,forward,TGAAATTTTATAA,13,7.7,23.7
Primer_919_R,171953,171965,forward,ATACATTGCAGAT,13,30.8,34.1
Primer_92_F,155527,155539,forward,AGACACTATTTGT,13,30.8,33.4
Primer_920_F,69713,69725,forward,TTTCGTGCATCTA,13,38.5,38.4
Primer_921_F,91030,91042,forward,AGAAGAATCCTAA,13,30.8,31.5
Primer_922_F,205165,205177,forward,TTTGCTGACAAAC,13,38.5,38.6
Primer_922_R,12557,12569,reverse,AGCGATTCAATAT,13,30.8,34.6
Primer_923_R,23693,23705,reverse,TTACTCGCGATTC,13,46.2,40.3
Primer_924_F,99598,99610,forward,ATAGTACACTTGC,13,38.5,35.3
Primer_926_F,63541,63553,forward,TCCCAGCAAAACT,13,46.2,41.8
Primer_929_R,90961,90973,reverse,ACTCTTTTCTTCA,13,30.8,33.8
Primer_93_R,84716,84728,reverse,TTCATTGTCTACC,13,38.5,35
Primer_931_R,12370,12382,reverse,TGTTTTGCATTGG,13,38.5,38.9
Primer_932_R,41179,41191,reverse,CACTCATAAGACT,13,38.5,34.1
Primer_934_R,39058,39070,reverse,GTACTTTTATAAA,13,15.4,24.6
Primer_935_R,216499,216511,reverse,TTGTAGATTGCTT,13,30.8,34.5
Primer_936_R,101850,101871,reverse,ATACTAGGTAGTG,13,38.5,31.9
Primer_937_R,116349,116361,forward,CATAACATTTTAG,13,23.1,27.4
Primer_94_R,124462,124474,reverse,CATTAAGGACCAT,13,38.5,34.7
Primer_95_R,198051,198063,reverse,TAACAAAGCTTGC,13,38.5,38.2
Primer_97_F,191662,191674,forward,TGTAGCTCTTTGG,13,46.2,38.8
Primer_97_R,141812,141824,reverse,GGATTGCCTTTCT,13,46.2,39.6
Primer_98_F,180907,180919,forward,TTCTTACCACCGC,13,53.8,43.3
Primer_98_R,116191,116203,reverse,CACTCTTCGCATA,13,46.2,39.4
Primer_99_F,121755,121767,forward,ACGGACACAAAGC,13,53.8,44.8
Primer_99_R,194891,194903,reverse,CTTATGGTCGCAG,13,53.8,41.2
