direction,name,primers,gc,avg,std,tm
F,Primer_0_F,AAAAGAGGAGAAA,0.31,32.78,4.72,25.79
F,Primer_1_F,AGATTTCTAGCCA,0.38,32.78,4.72,28.95
F,Primer_2_F,ATGACAGCCACTC,0.54,32.78,4.72,35.25
F,Primer_3_F,TGGACAGAAGCAA,0.46,32.78,4.72,32.10
F,Primer_4_F,GGACAGAGCAATA,0.46,32.78,4.72,32.10
F,Primer_5_F,CACAACCCATGGA,0.54,32.78,4.72,35.25
F,Primer_6_F,ACAGAGGCTGGGG,0.69,32.78,4.72,41.56
F,Primer_7_F,ACAGAAATCCAAA,0.31,32.78,4.72,25.79
F,Primer_8_F,GGAACACCACGAT,0.54,32.78,4.72,35.25
F,Primer_9_F,CATGGCACTATGA,0.46,32.78,4.72,32.10
F,Primer_10_F,AATGATTGGGACT,0.38,32.78,4.72,28.95
F,Primer_11_F,AAGCTCAAAAAAG,0.31,32.78,4.72,25.79
F,Primer_12_F,CATGGCATTATGA,0.38,32.78,4.72,28.95
F,Primer_13_F,CCAATAAGGTACC,0.46,32.78,4.72,32.10
F,Primer_14_F,GAAATCCACTTTC,0.38,32.78,4.72,28.95
F,Primer_15_F,TAATGTCAGCTGC,0.46,32.78,4.72,32.10
F,Primer_16_F,CTTTTCACTAGGA,0.38,32.78,4.72,28.95
F,Primer_17_F,ATTCCAGAGCCAG,0.54,32.78,4.72,35.25
F,Primer_18_F,AAGGACTGTCAGG,0.54,32.78,4.72,35.25
F,Primer_19_F,GTGACAACAAGTG,0.46,32.78,4.72,32.10
F,Primer_20_F,CAGGAAAGAGGAA,0.46,32.78,4.72,32.10
F,Primer_21_F,GTGTTGGAGGAGA,0.54,32.78,4.72,35.25
F,Primer_22_F,ACTCCCATGATGA,0.46,32.78,4.72,32.10
F,Primer_23_F,GGAAAGGCAAAAG,0.46,32.78,4.72,32.10
F,Primer_24_F,TAACAGAGGATGA,0.38,32.78,4.72,28.95
F,Primer_25_F,TGATCTCATATGG,0.38,32.78,4.72,28.95
F,Primer_26_F,TGGAGGTGACAGC,0.62,32.78,4.72,38.41
F,Primer_27_F,TGGCCCCACACGT,0.69,32.78,4.72,41.56
F,Primer_28_F,AGCTGGAGGCATG,0.62,32.78,4.72,38.41
F,Primer_29_F,CCAGAATGGGAGA,0.54,32.78,4.72,35.25
F,Primer_30_F,CTTATAGGCAATG,0.38,32.78,4.72,28.95
F,Primer_31_F,GAACAAGGAGGAA,0.46,32.78,4.72,32.10
F,Primer_32_F,GGAATGAGAATTA,0.31,32.78,4.72,25.79
F,Primer_33_F,TGTTCACACCATT,0.38,32.78,4.72,28.95
F,Primer_34_F,AGAGAGAAGAAAC,0.38,32.78,4.72,28.95
F,Primer_35_F,CACCTGAGAAATG,0.46,32.78,4.72,32.10
F,Primer_36_F,TCACCTAGAACAG,0.46,32.78,4.72,32.10
F,Primer_37_F,TCCCAACCAGCCG,0.69,32.78,4.72,41.56
F,Primer_38_F,TAGGCAAGTTGGA,0.46,32.78,4.72,32.10
F,Primer_39_F,AAGCTCAGAAAAG,0.38,32.78,4.72,28.95
F,Primer_40_F,TGTTCACACCACT,0.46,32.78,4.72,32.10
F,Primer_41_F,GGACAGAACAATA,0.38,32.78,4.72,28.95
F,Primer_42_F,GGAAGACAATGGC,0.54,32.78,4.72,35.25
F,Primer_43_F,CAATAAGATACCA,0.31,32.78,4.72,25.79
F,Primer_44_F,AATCCACTCTCAC,0.46,32.78,4.72,32.10
F,Primer_45_F,ACAGAAATCCAGA,0.38,32.78,4.72,28.95
F,Primer_46_F,ACAGAGGATGGGG,0.62,32.78,4.72,38.41
F,Primer_47_F,TGGTACTTTTGGC,0.46,32.78,4.72,32.10
F,Primer_48_F,TCCTTCGTTTCCT,0.46,32.78,4.72,32.10
F,Primer_49_F,TACTGGAGTTTTT,0.31,32.78,4.72,25.79
F,Primer_50_F,TAGTGGCTGGAGG,0.62,32.78,4.72,38.41
F,Primer_51_F,TTAAAATGAGACC,0.31,32.78,4.72,25.79
F,Primer_52_F,GAACAACCTGGTC,0.54,32.78,4.72,35.25
F,Primer_53_F,TTGGAACTGCATA,0.38,32.78,4.72,28.95
F,Primer_54_F,GGGTTTCAGGAGG,0.62,32.78,4.72,38.41
F,Primer_55_F,GAAGGAAATCCAG,0.46,32.78,4.72,32.10
F,Primer_56_F,ATGGGACTGGAGA,0.54,32.78,4.72,35.25
F,Primer_57_F,AAGGGAAAAGTCT,0.38,32.78,4.72,28.95
F,Primer_58_F,TCGACTTCAATGA,0.38,32.78,4.72,28.95
F,Primer_59_F,ATGGAGTCTGAGG,0.54,32.78,4.72,35.25
F,Primer_60_F,TGGTGTTTTGATG,0.38,32.78,4.72,28.95
F,Primer_61_F,CATGCCGACATGG,0.62,32.78,4.72,38.41
F,Primer_62_F,CACCAATGTTGAG,0.46,32.78,4.72,32.10
F,Primer_63_F,CATCTATAGGAAA,0.31,32.78,4.72,25.79
F,Primer_64_F,TTGAGATGGACTT,0.38,32.78,4.72,28.95
F,Primer_65_F,TGGTACCTGTGGG,0.62,32.78,4.72,38.41
F,Primer_66_F,ATGGAGGGAGAAG,0.54,32.78,4.72,35.25
F,Primer_67_F,CGCCAGAAAAGTG,0.54,32.78,4.72,35.25
F,Primer_68_F,AGACCAACTTTTG,0.38,32.78,4.72,28.95
F,Primer_69_F,ATGGAAGGAGAAG,0.46,32.78,4.72,32.10
F,Primer_70_F,TGCTCCCACCACT,0.62,32.78,4.72,38.41
F,Primer_71_F,AGGAGTGGAGCAT,0.54,32.78,4.72,35.25
F,Primer_72_F,TGGTGCTTTGATG,0.46,32.78,4.72,32.10
F,Primer_73_F,AGCCCACTGAGCT,0.62,32.78,4.72,38.41
F,Primer_74_F,TTTTCATGACAGC,0.38,32.78,4.72,28.95
F,Primer_75_F,GGAAAGAACTAGG,0.46,32.78,4.72,32.10
F,Primer_76_F,ATACCAGAACCAG,0.46,32.78,4.72,32.10
F,Primer_77_F,AATGGAGTGGTTA,0.38,32.78,4.72,28.95
F,Primer_78_F,GTGAGTTGCACAA,0.46,32.78,4.72,32.10
F,Primer_79_F,GGAGAACAGCCAC,0.62,32.78,4.72,38.41
F,Primer_80_F,ATAACAGAAGATG,0.31,32.78,4.72,25.79
F,Primer_81_F,GCTCACCATCAGT,0.54,32.78,4.72,35.25
F,Primer_82_F,AGACTGGAACCAA,0.46,32.78,4.72,32.10
F,Primer_83_F,AGAATGAAAGAGG,0.38,32.78,4.72,28.95
F,Primer_84_F,CACCACGGACAGG,0.69,32.78,4.72,41.56
F,Primer_85_F,AAAATGGTGCACC,0.46,32.78,4.72,32.10
F,Primer_86_F,TGATAGCGTGCTA,0.46,32.78,4.72,32.10
F,Primer_87_F,ACTTCACAATGGG,0.46,32.78,4.72,32.10
F,Primer_88_F,GGAAGGAACAAAA,0.38,32.78,4.72,28.95
F,Primer_89_F,TGAGTGGAAAGGA,0.46,32.78,4.72,32.10
F,Primer_90_F,GGAGCTACGTGGG,0.69,32.78,4.72,41.56
F,Primer_91_F,CCAAACCTGGATG,0.54,32.78,4.72,35.25
F,Primer_92_F,TCAGAACATGGCG,0.54,32.78,4.72,35.25
F,Primer_93_F,TGGCTTTGGGATT,0.46,32.78,4.72,32.10
F,Primer_94_F,ACAACAGAGCCGT,0.54,32.78,4.72,35.25
F,Primer_95_F,TATTGTGAAGGAA,0.31,32.78,4.72,25.79
F,Primer_96_F,TACTCCATACCCG,0.54,32.78,4.72,35.25
F,Primer_97_F,AACCCAGTGGTGA,0.54,32.78,4.72,35.25
F,Primer_98_F,TGCATACGGCTGA,0.54,32.78,4.72,35.25
F,Primer_99_F,AAACCCACTCTCA,0.46,32.78,4.72,32.10
F,Primer_100_F,CACCAGGTTTTTG,0.46,32.78,4.72,32.10
F,Primer_101_F,AATAACACCAATG,0.31,32.78,4.72,25.79
F,Primer_102_F,TCTGCAGGGTCAG,0.62,32.78,4.72,38.41
F,Primer_103_F,TCGTAACAGAAAA,0.31,32.78,4.72,25.79
F,Primer_104_F,GAAATGGCAGAGG,0.54,32.78,4.72,35.25
F,Primer_105_F,ACAGCCGGACATG,0.62,32.78,4.72,38.41
F,Primer_106_F,CTGAAGGAATCTT,0.38,32.78,4.72,28.95
F,Primer_107_F,TGGAATACCACGA,0.46,32.78,4.72,32.10
F,Primer_108_F,AAAGGCAGCAGAG,0.54,32.78,4.72,35.25
F,Primer_109_F,TGAGACCAATGTT,0.38,32.78,4.72,28.95
F,Primer_110_F,GTCAACCCAATTG,0.46,32.78,4.72,32.10
F,Primer_111_F,AGAAAAGAGCAGC,0.46,32.78,4.72,32.10
F,Primer_112_F,TTGTCACAACAGA,0.38,32.78,4.72,28.95
F,Primer_113_F,CTTTTTGTGTGGT,0.38,32.78,4.72,28.95
F,Primer_114_F,TATCTCTCTTTCC,0.38,32.78,4.72,28.95
F,Primer_115_F,TGTATGCCGTGGC,0.62,32.78,4.72,38.41
F,Primer_116_F,GAGGAATACACAG,0.46,32.78,4.72,32.10
F,Primer_117_F,TGCACACGGCTGA,0.62,32.78,4.72,38.41
F,Primer_118_F,TGGCACCTAGGTA,0.54,32.78,4.72,35.25
F,Primer_119_F,TGTTTGGAAAAGG,0.38,32.78,4.72,28.95
F,Primer_120_F,GGGATTTCGTGGT,0.54,32.78,4.72,35.25
F,Primer_121_F,GAATGGGATTGGA,0.46,32.78,4.72,32.10
F,Primer_122_F,GGAAGAAAAAGAC,0.38,32.78,4.72,28.95
F,Primer_123_F,ATCTTCATGACAG,0.38,32.78,4.72,28.95
F,Primer_124_F,CATGGCACTACGA,0.54,32.78,4.72,35.25
F,Primer_125_F,TGGTCGATCCATG,0.54,32.78,4.72,35.25
F,Primer_126_F,AGATGGAAGAAGC,0.46,32.78,4.72,32.10
F,Primer_127_F,ACTCCGGGAAAGA,0.54,32.78,4.72,35.25
F,Primer_128_F,ATGTCATCAGGAA,0.38,32.78,4.72,28.95
F,Primer_129_F,GTGAGCTGCACAA,0.54,32.78,4.72,35.25
F,Primer_130_F,GGTTTTGGAACAC,0.46,32.78,4.72,32.10
F,Primer_131_F,CACCCAGAACAGG,0.62,32.78,4.72,38.41
F,Primer_132_F,GAACCATCATGGG,0.54,32.78,4.72,35.25
F,Primer_133_F,GAGATGTATTGGG,0.46,32.78,4.72,32.10
F,Primer_134_F,CCAGGATTGCAGG,0.62,32.78,4.72,38.41
F,Primer_135_F,CACGCTCACTGGA,0.62,32.78,4.72,38.41
F,Primer_136_F,TCTTGTTTAAGAC,0.31,32.78,4.72,25.79
F,Primer_137_F,TGGACAGAACAGT,0.46,32.78,4.72,32.10
F,Primer_138_F,TGACAGGAGCTAC,0.54,32.78,4.72,35.25
F,Primer_139_F,CTGAGGATGACCT,0.54,32.78,4.72,35.25
F,Primer_140_F,TCAACCCACTGAG,0.54,32.78,4.72,35.25
F,Primer_141_F,GACATGATATCAT,0.31,32.78,4.72,25.79
F,Primer_142_F,ACAACATGGTCAA,0.38,32.78,4.72,28.95
F,Primer_143_F,AAGGAGTGGAACA,0.46,32.78,4.72,32.10
F,Primer_144_F,CACACAACAGAAA,0.38,32.78,4.72,28.95
F,Primer_145_F,TGGTGGCAGGAGG,0.69,32.78,4.72,41.56
F,Primer_146_F,ATGCTGAGACACA,0.46,32.78,4.72,32.10
F,Primer_147_F,TCACACTCATTCC,0.46,32.78,4.72,32.10
F,Primer_148_F,CAAACTCCATTCA,0.38,32.78,4.72,28.95
F,Primer_149_F,GCCAAGGGAAGCC,0.69,32.78,4.72,41.56
F,Primer_150_F,CCTTACGGATGGT,0.54,32.78,4.72,35.25
F,Primer_151_F,AAGATGTCACCAG,0.46,32.78,4.72,32.10
F,Primer_152_F,GGTGGAGCATGGG,0.69,32.78,4.72,41.56
F,Primer_153_F,AAGGAGTCATCAC,0.46,32.78,4.72,32.10
F,Primer_154_F,GAGCCACAGAAGT,0.54,32.78,4.72,35.25
F,Primer_155_F,TGGACTACATGCC,0.54,32.78,4.72,35.25
F,Primer_156_F,ATAGACTTTGGAG,0.38,32.78,4.72,28.95
F,Primer_157_F,TGCCAATCCGTTA,0.46,32.78,4.72,32.10
F,Primer_158_F,AATGGTGCTTCAC,0.46,32.78,4.72,32.10
F,Primer_159_F,TGGTACATGTGGC,0.54,32.78,4.72,35.25
F,Primer_160_F,TGGGACTTTGTGG,0.54,32.78,4.72,35.25
F,Primer_161_F,TGACCACGACAGC,0.62,32.78,4.72,38.41
F,Primer_162_F,GTGAACCCAGGTC,0.62,32.78,4.72,38.41
F,Primer_163_F,ATCGGAAAAGAGG,0.46,32.78,4.72,32.10
F,Primer_164_F,AAGTGGTTGGGCG,0.62,32.78,4.72,38.41
F,Primer_165_F,AAATCAAGCATGC,0.38,32.78,4.72,28.95
F,Primer_166_F,CTTTTTCTATGGG,0.38,32.78,4.72,28.95
F,Primer_167_F,ATTCCAGAACCAG,0.46,32.78,4.72,32.10
F,Primer_168_F,GGACTGCAAGCAA,0.54,32.78,4.72,35.25
F,Primer_169_F,ACATGACATCAAT,0.31,32.78,4.72,25.79
F,Primer_170_F,ATGCTGACATGGG,0.54,32.78,4.72,35.25
F,Primer_171_F,CAAAGTGGAGTTG,0.46,32.78,4.72,32.10
F,Primer_172_F,AGGGATCTCCAGG,0.62,32.78,4.72,38.41
F,Primer_173_F,CTGGACTACTCTT,0.46,32.78,4.72,32.10
F,Primer_174_F,TAGGTCGCCTGAT,0.54,32.78,4.72,35.25
F,Primer_175_F,GTCATGTTGCACA,0.46,32.78,4.72,32.10
F,Primer_176_F,CGACAGATCCCTT,0.54,32.78,4.72,35.25
F,Primer_177_F,AATGGAGTGGTCA,0.46,32.78,4.72,32.10
F,Primer_178_F,ATGTCAGCAGCCA,0.54,32.78,4.72,35.25
F,Primer_179_F,AGAGAGAGAAAAA,0.31,32.78,4.72,25.79
F,Primer_180_F,GACTGATCACAGC,0.54,32.78,4.72,35.25
F,Primer_181_F,TAGGGGAGTTCGG,0.62,32.78,4.72,38.41
F,Primer_182_F,TGGGATTTTGTGG,0.46,32.78,4.72,32.10
F,Primer_183_F,TGGGTTGACATAG,0.46,32.78,4.72,32.10
F,Primer_184_F,TGAAATGTACTGG,0.38,32.78,4.72,28.95
F,Primer_185_F,GCTCTCCGAGAAC,0.62,32.78,4.72,38.41
F,Primer_186_F,CCAATCACGGCAG,0.62,32.78,4.72,38.41
F,Primer_187_F,ATAGAGGCTGGGG,0.62,32.78,4.72,38.41
F,Primer_188_F,TGGCATCTAGGTA,0.46,32.78,4.72,32.10
F,Primer_189_F,TCTAGAAACAAGA,0.31,32.78,4.72,25.79
F,Primer_190_F,GATTGATAACAGC,0.38,32.78,4.72,28.95
F,Primer_191_F,AATACTCATGGAA,0.31,32.78,4.72,25.79
F,Primer_192_F,AAACATGCAGTGT,0.38,32.78,4.72,28.95
F,Primer_193_F,CTGGACTTCAACT,0.46,32.78,4.72,32.10
F,Primer_194_F,AGCCAAAGAAGGG,0.54,32.78,4.72,35.25
F,Primer_195_F,CACGCCGACATGG,0.69,32.78,4.72,41.56
F,Primer_196_F,CCAGTGTCAAAAA,0.38,32.78,4.72,28.95
F,Primer_197_F,CATCCATAGGAAA,0.38,32.78,4.72,28.95
F,Primer_198_F,AGAATCACACTAG,0.38,32.78,4.72,28.95
F,Primer_199_F,GCAGCAGCATGGT,0.62,32.78,4.72,38.41
F,Primer_200_F,AAGTGCCTTTCTG,0.46,32.78,4.72,32.10
F,Primer_201_F,CAGCCATTCTTGG,0.54,32.78,4.72,35.25
F,Primer_202_F,ACAGCTGAAGCAG,0.54,32.78,4.72,35.25
F,Primer_203_F,AAAGCCTTCTGTT,0.38,32.78,4.72,28.95
F,Primer_204_F,TGGGCGTATCATG,0.54,32.78,4.72,35.25
F,Primer_205_F,ACCAGATTTTTGG,0.38,32.78,4.72,28.95
F,Primer_206_F,TGTTGGTCTGGCA,0.54,32.78,4.72,35.25
F,Primer_207_F,ATGGAAATGGAGT,0.38,32.78,4.72,28.95
F,Primer_208_F,GGTCCATACACGC,0.62,32.78,4.72,38.41
F,Primer_209_F,TGTGGTATTTTTG,0.31,32.78,4.72,25.79
F,Primer_210_F,CAAGAATCACTGA,0.38,32.78,4.72,28.95
F,Primer_211_F,CATTGGACTGCTC,0.54,32.78,4.72,35.25
F,Primer_212_F,GTTCCTTTTTGCT,0.38,32.78,4.72,28.95
F,Primer_213_F,GAACTGGATTTTG,0.38,32.78,4.72,28.95
F,Primer_214_F,CTGATGCCTTTCC,0.54,32.78,4.72,35.25
F,Primer_215_F,TGCACACGTCAGA,0.54,32.78,4.72,35.25
F,Primer_216_F,TAGCTCCCCATGT,0.54,32.78,4.72,35.25
F,Primer_217_F,GGTCAATCCATGC,0.54,32.78,4.72,35.25
F,Primer_218_F,TGGTGTTTTGACG,0.46,32.78,4.72,32.10
F,Primer_219_F,CCAACCTTTGCAG,0.54,32.78,4.72,35.25
F,Primer_220_F,GCAAAAGAAGGCA,0.46,32.78,4.72,32.10
F,Primer_221_F,ATGGAGGGGGAAG,0.62,32.78,4.72,38.41
F,Primer_222_F,TCTATGCAGTAGC,0.46,32.78,4.72,32.10
F,Primer_223_F,ATTGGACAGAAGC,0.46,32.78,4.72,32.10
F,Primer_224_F,TTGGCAGCGGTGT,0.62,32.78,4.72,38.41
F,Primer_225_F,ACCCAGCGAATTG,0.54,32.78,4.72,35.25
F,Primer_226_F,GCAGTGTCAATGG,0.54,32.78,4.72,35.25
F,Primer_227_F,TGGCGTTCATAGC,0.54,32.78,4.72,35.25
F,Primer_228_F,CAGAGCGGAGTTG,0.62,32.78,4.72,38.41
F,Primer_229_F,CCACCTGAAAAGT,0.46,32.78,4.72,32.10
F,Primer_230_F,GGTTATGGGGTTT,0.46,32.78,4.72,32.10
F,Primer_231_F,GGAGAACCCTGGG,0.69,32.78,4.72,41.56
F,Primer_232_F,ACAAGAACCGAAA,0.38,32.78,4.72,28.95
F,Primer_233_F,TCAATACCAGCGA,0.46,32.78,4.72,32.10
F,Primer_234_F,TGGACAGAGCAGT,0.54,32.78,4.72,35.25
F,Primer_235_F,CAGGAGCCACAGA,0.62,32.78,4.72,38.41
F,Primer_236_F,TGGGAAAGGCTGT,0.54,32.78,4.72,35.25
F,Primer_237_F,TGGGTGTCTTGTG,0.54,32.78,4.72,35.25
F,Primer_238_F,GTGCTCGAGCACG,0.69,32.78,4.72,41.56
F,Primer_239_F,CCATCAAGGACAG,0.54,32.78,4.72,35.25
F,Primer_240_F,AAGACTGTGCACA,0.46,32.78,4.72,32.10
F,Primer_241_F,TACTGGAGTTCTT,0.38,32.78,4.72,28.95
F,Primer_242_F,GATCTTTGCGGCC,0.62,32.78,4.72,38.41
F,Primer_243_F,GACCAACTTTCGC,0.54,32.78,4.72,35.25
F,Primer_244_F,GACTGGGACTATG,0.54,32.78,4.72,35.25
F,Primer_245_F,TTTGGAACCGCAT,0.46,32.78,4.72,32.10
F,Primer_246_F,TTCATGACTGCAA,0.38,32.78,4.72,28.95
F,Primer_247_F,AAAAGTCTTCTGT,0.31,32.78,4.72,25.79
F,Primer_248_F,TAGGAGTCTTGGG,0.54,32.78,4.72,35.25
F,Primer_249_F,CAAATACTCGTGG,0.46,32.78,4.72,32.10
F,Primer_250_F,GAAATGTATTGGG,0.38,32.78,4.72,28.95
F,Primer_251_F,AACCCTTGGGCTA,0.54,32.78,4.72,35.25
F,Primer_252_F,ATAGTCACTGACA,0.38,32.78,4.72,28.95
F,Primer_253_F,TACATGCCATCCA,0.46,32.78,4.72,32.10
F,Primer_254_F,GATTACATGCCAG,0.46,32.78,4.72,32.10
F,Primer_255_F,CTCTCCACCAAGT,0.54,32.78,4.72,35.25
F,Primer_256_F,TGTTCATGGCCCT,0.54,32.78,4.72,35.25
F,Primer_257_F,TGGCAGTGGTGTC,0.62,32.78,4.72,38.41
F,Primer_258_F,TGGCACACTTGGC,0.62,32.78,4.72,38.41
F,Primer_259_F,CCTTTCTGCTCCC,0.62,32.78,4.72,38.41
F,Primer_260_F,GAGGGTGGGGCAA,0.69,32.78,4.72,41.56
F,Primer_261_F,GAGATGTACTGGG,0.54,32.78,4.72,35.25
F,Primer_262_F,ACAGAGGTTGGGG,0.62,32.78,4.72,38.41
F,Primer_263_F,ATGCCGATATGGG,0.54,32.78,4.72,35.25
F,Primer_264_F,TGTTACGTGCTCA,0.46,32.78,4.72,32.10
F,Primer_265_F,CTGAAATGGAAGA,0.38,32.78,4.72,28.95
F,Primer_266_F,AGGTGGAAGGGCG,0.69,32.78,4.72,41.56
F,Primer_267_F,CAAAACTCAGGAG,0.46,32.78,4.72,32.10
F,Primer_268_F,GAAAGAAAAAGAC,0.31,32.78,4.72,25.79
F,Primer_269_F,TGGCAATTCCAGT,0.46,32.78,4.72,32.10
F,Primer_270_F,AGCCAAGTCTGCC,0.62,32.78,4.72,38.41
F,Primer_271_F,GGAAAATCCCTAC,0.46,32.78,4.72,32.10
F,Primer_272_F,ATGCAGTGGCCAC,0.62,32.78,4.72,38.41
F,Primer_273_F,GGGTTCCAACAAG,0.54,32.78,4.72,35.25
F,Primer_274_F,TTCTGCTCACACC,0.54,32.78,4.72,35.25
F,Primer_275_F,AAGGATCACCTGG,0.54,32.78,4.72,35.25
F,Primer_276_F,AATCAGGTGATTA,0.31,32.78,4.72,25.79
F,Primer_277_F,GTATCTCTCTTCC,0.46,32.78,4.72,32.10
F,Primer_278_F,CATGCTGATATGG,0.46,32.78,4.72,32.10
F,Primer_279_F,CTGAAACATGGAT,0.38,32.78,4.72,28.95
F,Primer_280_F,CCTTATAGGCGAT,0.46,32.78,4.72,32.10
F,Primer_281_F,CCCCTTTTGCTGA,0.54,32.78,4.72,35.25
F,Primer_282_F,GGAATTGACTTTA,0.31,32.78,4.72,25.79
F,Primer_283_F,GAACCAAACTGGG,0.54,32.78,4.72,35.25
F,Primer_284_F,AAGCAGAGACCCA,0.54,32.78,4.72,35.25
F,Primer_285_F,CAGTTAACCCAAT,0.38,32.78,4.72,28.95
F,Primer_286_F,ACAACGGCTATGG,0.54,32.78,4.72,35.25
F,Primer_287_F,GAATGATGAAGAT,0.31,32.78,4.72,25.79
F,Primer_288_F,TGGCATCTAGGCA,0.54,32.78,4.72,35.25
F,Primer_289_F,GGCTATTATTTCG,0.38,32.78,4.72,28.95
F,Primer_290_F,CTGGAACATGGAA,0.46,32.78,4.72,32.10
F,Primer_291_F,AGAAAAGGACAGC,0.46,32.78,4.72,32.10
F,Primer_292_F,GGGTCCCCACAAG,0.69,32.78,4.72,41.56
F,Primer_293_F,GAAAGGGGGAGAC,0.62,32.78,4.72,38.41
F,Primer_294_F,AATGAAGAACTGA,0.31,32.78,4.72,25.79
F,Primer_295_F,ATGGAGGGAGAGG,0.62,32.78,4.72,38.41
F,Primer_296_F,GTGTGCTACGTGC,0.62,32.78,4.72,38.41
F,Primer_297_F,GATGGTGCTTTGA,0.46,32.78,4.72,32.10
F,Primer_298_F,TTGACGTGGTGCT,0.54,32.78,4.72,35.25
F,Primer_299_F,CCGGAGCGACAGA,0.69,32.78,4.72,41.56
F,Primer_300_F,TGTTCACGTCTGT,0.46,32.78,4.72,32.10
F,Primer_301_F,GACTGTATGGCAA,0.46,32.78,4.72,32.10
F,Primer_302_F,CATTAGGGAAAAT,0.31,32.78,4.72,25.79
F,Primer_303_F,CAAGTGCCTTTTT,0.38,32.78,4.72,28.95
F,Primer_304_F,GGGGAATTCGGCA,0.62,32.78,4.72,38.41
F,Primer_305_F,TCTTCAGAATGAG,0.38,32.78,4.72,28.95
F,Primer_306_F,AATTGGTGATGGC,0.46,32.78,4.72,32.10
F,Primer_307_F,GACCAAGACCACC,0.62,32.78,4.72,38.41
F,Primer_308_F,GCCCTGAAAGATG,0.54,32.78,4.72,35.25
F,Primer_309_F,AAATGGAGGAAGC,0.46,32.78,4.72,32.10
F,Primer_310_F,GGCACTTGGGCAA,0.62,32.78,4.72,38.41
F,Primer_311_F,GAGTTTTTTCTCA,0.31,32.78,4.72,25.79
F,Primer_312_F,AATGGTGCATCAA,0.38,32.78,4.72,28.95
F,Primer_313_F,CACCAATGCTGAG,0.54,32.78,4.72,35.25
F,Primer_314_F,GACGGAAGCAAAA,0.46,32.78,4.72,32.10
F,Primer_315_F,ATACGTGCTGGGT,0.54,32.78,4.72,35.25
F,Primer_316_F,TGGGTCTTTATGG,0.46,32.78,4.72,32.10
F,Primer_317_F,CATTCATCACGTT,0.38,32.78,4.72,28.95
F,Primer_318_F,GACGTATTCTTTA,0.31,32.78,4.72,25.79
F,Primer_319_F,GTGTGGCATTTTT,0.38,32.78,4.72,28.95
F,Primer_320_F,AGGCAAATTAGAG,0.38,32.78,4.72,28.95
F,Primer_321_F,AGAGCCGTCCACG,0.69,32.78,4.72,41.56
F,Primer_322_F,AAGTGGTTGTGGG,0.54,32.78,4.72,35.25
F,Primer_323_F,GTTCTACAAACCC,0.46,32.78,4.72,32.10
F,Primer_324_F,TCTGGAAAAGATG,0.38,32.78,4.72,28.95
F,Primer_325_F,GAACAGGGAGGAA,0.54,32.78,4.72,35.25
F,Primer_326_F,GGTTCTGGAACAC,0.54,32.78,4.72,35.25
F,Primer_327_F,CCGGTGATGGAAA,0.54,32.78,4.72,35.25
F,Primer_328_F,CAAAAAAGAGCAG,0.38,32.78,4.72,28.95
F,Primer_329_F,CATTGGATTGTTC,0.38,32.78,4.72,28.95
F,Primer_330_F,GGCCGAGATGGAA,0.62,32.78,4.72,38.41
F,Primer_331_F,TAGTTACTGACAA,0.31,32.78,4.72,25.79
F,Primer_332_F,AAGCTGAAGGAGT,0.46,32.78,4.72,32.10
F,Primer_333_F,AAACGTGAGAAAA,0.31,32.78,4.72,25.79
F,Primer_334_F,GGTGCTAGAACAT,0.46,32.78,4.72,32.10
F,Primer_335_F,ATGTCGTCAGGAA,0.46,32.78,4.72,32.10
F,Primer_336_F,GACGTTTTCTTCA,0.38,32.78,4.72,28.95
F,Primer_337_F,GTCGTCACAACAG,0.54,32.78,4.72,35.25
F,Primer_338_F,TTGTGTGAAGGTA,0.38,32.78,4.72,28.95
F,Primer_339_F,GGGAATGCCAATA,0.46,32.78,4.72,32.10
F,Primer_340_F,AGTATTCATGGAA,0.31,32.78,4.72,25.79
F,Primer_341_F,TAGCTCCATCGTG,0.54,32.78,4.72,35.25
F,Primer_342_F,TGGAGTGCTCTCC,0.62,32.78,4.72,38.41
F,Primer_343_F,ACTAGAGTTCTTT,0.31,32.78,4.72,25.79
F,Primer_344_F,CACGCAGTGTCGA,0.62,32.78,4.72,38.41
F,Primer_345_F,GGGCGCGTTATCT,0.62,32.78,4.72,38.41
F,Primer_346_F,CACGAAACTCCAC,0.54,32.78,4.72,35.25
F,Primer_347_F,ACAAAACATGGGC,0.46,32.78,4.72,32.10
F,Primer_348_F,TTGACAACATAGT,0.31,32.78,4.72,25.79
F,Primer_349_F,TCTGGAACACAAC,0.46,32.78,4.72,32.10
F,Primer_350_F,GGGGAAAAGTCTC,0.54,32.78,4.72,35.25
F,Primer_351_F,GGCTTACGTGATG,0.54,32.78,4.72,35.25
F,Primer_352_F,GAATCACATTAGA,0.31,32.78,4.72,25.79
F,Primer_353_F,ATGAAGACCATGC,0.46,32.78,4.72,32.10
F,Primer_354_F,TACAGAACCTGGG,0.54,32.78,4.72,35.25
F,Primer_355_F,CGCACCACCTGGT,0.69,32.78,4.72,41.56
F,Primer_356_F,GAGGACCATCATG,0.54,32.78,4.72,35.25
F,Primer_357_F,CCCAGGTCCGGAA,0.69,32.78,4.72,41.56
F,Primer_358_F,TTCAGAGTGGAGT,0.46,32.78,4.72,32.10
F,Primer_359_F,GTGGAGCATATGT,0.46,32.78,4.72,32.10
F,Primer_360_F,GAATTAGAGACCC,0.46,32.78,4.72,32.10
F,Primer_361_F,CCTCTGGAAAATG,0.46,32.78,4.72,32.10
F,Primer_362_F,CAGCTGGACATGG,0.62,32.78,4.72,38.41
F,Primer_363_F,GCTGGGATTTTCA,0.46,32.78,4.72,32.10
F,Primer_364_F,ACTGGGACTTCGT,0.54,32.78,4.72,35.25
F,Primer_365_F,AAGAACAACCAAA,0.31,32.78,4.72,25.79
F,Primer_366_F,CGGAGTTTCGCTT,0.54,32.78,4.72,35.25
F,Primer_367_F,GGACAATCTGGTG,0.54,32.78,4.72,35.25
F,Primer_368_F,TCTGGCATACTTG,0.46,32.78,4.72,32.10
F,Primer_369_F,GCAAGAAAGAGGA,0.46,32.78,4.72,32.10
F,Primer_370_F,GCACCTAGGAAAA,0.46,32.78,4.72,32.10
F,Primer_371_F,GACATGTCTTAGG,0.46,32.78,4.72,32.10
F,Primer_372_F,ATCAGGTTTTTGG,0.38,32.78,4.72,28.95
F,Primer_373_F,AAAAAGTAGTTGG,0.31,32.78,4.72,25.79
F,Primer_374_F,AAGTGGAATCTTC,0.38,32.78,4.72,28.95
F,Primer_375_F,GGCTATTATTCCG,0.46,32.78,4.72,32.10
F,Primer_376_F,TGGGCCACTAATA,0.46,32.78,4.72,32.10
F,Primer_377_F,GAGCGGAAAGGAT,0.54,32.78,4.72,35.25
F,Primer_378_F,TTACTCCACCAGA,0.46,32.78,4.72,32.10
F,Primer_379_F,GGAATAACCAAAT,0.31,32.78,4.72,25.79
F,Primer_380_F,TCAGGAGCAACGT,0.54,32.78,4.72,35.25
F,Primer_381_F,GAAGGAGTCTCAG,0.54,32.78,4.72,35.25
F,Primer_382_F,GTGGAGGCCTTTC,0.62,32.78,4.72,38.41
F,Primer_383_F,GGGCTGACGTCAG,0.69,32.78,4.72,41.56
F,Primer_384_F,GGAAAAGCTCTCC,0.54,32.78,4.72,35.25
F,Primer_385_F,AGGAAAAGATCAC,0.38,32.78,4.72,28.95
F,Primer_386_F,ATCTTCATGACCG,0.46,32.78,4.72,32.10
F,Primer_387_F,TAGCAGTGTCCAT,0.46,32.78,4.72,32.10
F,Primer_388_F,AGCAACCAGAGAA,0.46,32.78,4.72,32.10
F,Primer_389_F,GGGAAGAAGAAAA,0.38,32.78,4.72,28.95
F,Primer_390_F,GAAGCTGGGTTGA,0.54,32.78,4.72,35.25
F,Primer_391_F,ATTTCTGCGAAGG,0.46,32.78,4.72,32.10
F,Primer_392_F,TGGAAACAAGAGC,0.46,32.78,4.72,32.10
F,Primer_393_F,TGGTGACAACGAG,0.54,32.78,4.72,35.25
F,Primer_394_F,GGAAGGAATAAAA,0.31,32.78,4.72,25.79
F,Primer_395_F,TATGGCAACGGTG,0.54,32.78,4.72,35.25
F,Primer_396_F,GCAAGGTCCATCA,0.54,32.78,4.72,35.25
F,Primer_397_F,AGACCTCGAGAAC,0.54,32.78,4.72,35.25
F,Primer_398_F,TCACCCCCATGAT,0.54,32.78,4.72,35.25
F,Primer_399_F,CTGGATAACTTGG,0.46,32.78,4.72,32.10
F,Primer_400_F,GGAAGAAAGAAGA,0.38,32.78,4.72,28.95
F,Primer_401_F,TTCAGCCATTTTT,0.31,32.78,4.72,25.79
F,Primer_402_F,CTTTGCTGAAAAC,0.38,32.78,4.72,28.95
F,Primer_403_F,TATGCAGAACCCA,0.46,32.78,4.72,32.10
F,Primer_404_F,AGAAGAGGAGAAA,0.38,32.78,4.72,28.95
F,Primer_405_F,GCCGAAATGGAAG,0.54,32.78,4.72,35.25
F,Primer_406_F,TGGCATTTTTGTC,0.38,32.78,4.72,28.95
F,Primer_407_F,CCTCACTGGAGCT,0.62,32.78,4.72,38.41
F,Primer_408_F,ACACGCGGTTTCT,0.54,32.78,4.72,35.25
F,Primer_409_F,CGTCTGGAACGAC,0.62,32.78,4.72,38.41
F,Primer_410_F,GACCATTGGTGGC,0.62,32.78,4.72,38.41
F,Primer_411_F,TGGAAAGGTGGAC,0.54,32.78,4.72,35.25
F,Primer_412_F,ACCACTTGGTCCA,0.54,32.78,4.72,35.25
F,Primer_413_F,CAAGTACGCAGTG,0.54,32.78,4.72,35.25
F,Primer_414_F,TGGAGTTCTTTCT,0.38,32.78,4.72,28.95
F,Primer_415_F,GTGGGCTTACCAT,0.54,32.78,4.72,35.25
F,Primer_416_F,CAAGTCTTTGGAG,0.46,32.78,4.72,32.10
F,Primer_417_F,GAGAAAAGAAACT,0.31,32.78,4.72,25.79
F,Primer_418_F,TTGTGAACCTAGG,0.46,32.78,4.72,32.10
F,Primer_419_F,GATCCTTAATAGG,0.38,32.78,4.72,28.95
F,Primer_420_F,TGGATAGAGGTTG,0.46,32.78,4.72,32.10
F,Primer_421_F,AATCCAGCCATTC,0.46,32.78,4.72,32.10
F,Primer_422_F,CCGCCTGATCACA,0.62,32.78,4.72,38.41
F,Primer_423_F,GGACACAAGTCCC,0.62,32.78,4.72,38.41
F,Primer_424_F,ACTGAGCAATACA,0.38,32.78,4.72,28.95
F,Primer_425_F,AAGTACTCATGGA,0.38,32.78,4.72,28.95
F,Primer_426_F,TGACTCCCATGCT,0.54,32.78,4.72,35.25
F,Primer_427_F,TGATATCATATGG,0.31,32.78,4.72,25.79
F,Primer_428_F,ATGGGCAGATTGA,0.46,32.78,4.72,32.10
F,Primer_429_F,TTGAACCTTCATG,0.38,32.78,4.72,28.95
F,Primer_430_F,GGTGCTGTCAATC,0.54,32.78,4.72,35.25
F,Primer_431_F,TCACAATGACTCT,0.38,32.78,4.72,28.95
F,Primer_432_F,AGGTCACATGCAC,0.54,32.78,4.72,35.25
F,Primer_433_F,GGCAAAGTGGCTG,0.62,32.78,4.72,38.41
F,Primer_434_F,GGCAACGAGAGAA,0.54,32.78,4.72,35.25
F,Primer_435_F,GCCTGATATTCAA,0.38,32.78,4.72,28.95
F,Primer_436_F,TAGTTGCTGGAGG,0.54,32.78,4.72,35.25
F,Primer_437_F,GGAACCCTTGGAA,0.54,32.78,4.72,35.25
F,Primer_438_F,GGAGTGGAGCGTA,0.62,32.78,4.72,38.41
F,Primer_439_F,CCCCATCATCACA,0.54,32.78,4.72,35.25
F,Primer_440_F,CGTGTCACAGAAG,0.54,32.78,4.72,35.25
F,Primer_441_F,AAGGAAAGAGCCT,0.46,32.78,4.72,32.10
F,Primer_442_F,CAATCCCAATCAC,0.46,32.78,4.72,32.10
F,Primer_443_F,ACCTTGGCACTTG,0.54,32.78,4.72,35.25
F,Primer_444_F,GGAATGGAGTGGT,0.54,32.78,4.72,35.25
F,Primer_445_F,GGAAACCAGAACA,0.46,32.78,4.72,32.10
F,Primer_446_F,ACCTCAGGAGGCA,0.62,32.78,4.72,38.41
F,Primer_447_F,AATCACAGCAGAG,0.46,32.78,4.72,32.10
F,Primer_448_F,AACTGGAAACCCC,0.54,32.78,4.72,35.25
F,Primer_449_F,GGCAATGAGGAAT,0.46,32.78,4.72,32.10
F,Primer_450_F,GCACTGTCGCCTT,0.62,32.78,4.72,38.41
F,Primer_451_F,AGACTGGAACCGA,0.54,32.78,4.72,35.25
F,Primer_452_F,ATAGATTTTGGAG,0.31,32.78,4.72,25.79
F,Primer_453_F,AGACCTACCTTTG,0.46,32.78,4.72,32.10
F,Primer_454_F,CGGCTACAAAGTG,0.54,32.78,4.72,35.25
F,Primer_455_F,GGCAAAGCAAAAG,0.46,32.78,4.72,32.10
F,Primer_456_F,TTGGTTTGGAAAC,0.38,32.78,4.72,28.95
F,Primer_457_F,AGCCTACGTGATG,0.54,32.78,4.72,35.25
F,Primer_458_F,CCATCCACGCAGA,0.62,32.78,4.72,38.41
F,Primer_459_F,GGGGCTTGCTGAT,0.62,32.78,4.72,38.41
F,Primer_460_F,GAAAGGATGTATT,0.31,32.78,4.72,25.79
F,Primer_461_F,AAGGATCACCAGG,0.54,32.78,4.72,35.25
F,Primer_462_F,TGGCAACAACTTT,0.38,32.78,4.72,28.95
F,Primer_463_F,TAGGTCTCTATGG,0.46,32.78,4.72,32.10
F,Primer_464_F,TCTACGGAAATGG,0.46,32.78,4.72,32.10
F,Primer_465_F,GGTGCACCAAATA,0.46,32.78,4.72,32.10
F,Primer_466_F,AAATGAAGAGATG,0.31,32.78,4.72,25.79
F,Primer_467_F,AAGACTAATTGGG,0.38,32.78,4.72,28.95
F,Primer_468_F,GGTGTTTGGTAGT,0.46,32.78,4.72,32.10
F,Primer_469_F,CAACCTGGTCTAT,0.46,32.78,4.72,32.10
F,Primer_470_F,TGATAACAGCCAA,0.38,32.78,4.72,28.95
F,Primer_471_F,CTAAATTGACCAT,0.31,32.78,4.72,25.79
F,Primer_472_F,AGCCAACCCAGTG,0.62,32.78,4.72,38.41
F,Primer_473_F,CTGGGGCGACAGA,0.69,32.78,4.72,41.56
F,Primer_474_F,ATGGAGGGGGAGG,0.69,32.78,4.72,41.56
F,Primer_475_F,TCCGTTTCCCCAC,0.62,32.78,4.72,38.41
F,Primer_476_F,TGAGGTATTCATG,0.38,32.78,4.72,28.95
F,Primer_477_F,TACCAATTACGGC,0.46,32.78,4.72,32.10
F,Primer_478_F,TAGCATTCCTAAG,0.38,32.78,4.72,28.95
F,Primer_479_F,CCAAAAGACAAAA,0.31,32.78,4.72,25.79
F,Primer_480_F,CAATCATATTGGA,0.31,32.78,4.72,25.79
F,Primer_481_F,TGTTGTTTGTGGT,0.38,32.78,4.72,28.95
F,Primer_482_F,CAGGGGAAGTGGA,0.62,32.78,4.72,38.41
F,Primer_483_F,GATAGAGGATGGG,0.54,32.78,4.72,35.25
F,Primer_484_F,ACCAGGTCTTTGG,0.54,32.78,4.72,35.25
F,Primer_485_F,TTTGGAATACAAC,0.31,32.78,4.72,25.79
F,Primer_486_F,AAGTGCCATAGCT,0.46,32.78,4.72,32.10
F,Primer_487_F,GTAGCTCCATCTG,0.54,32.78,4.72,35.25
F,Primer_488_F,TGAGGAGCTAAAG,0.46,32.78,4.72,32.10
F,Primer_489_F,GCCCAAAAAAGGA,0.46,32.78,4.72,32.10
F,Primer_490_F,TCAGTAGACAAGA,0.38,32.78,4.72,28.95
F,Primer_491_F,ACGCTCACCACCA,0.62,32.78,4.72,38.41
F,Primer_492_F,TGGATAATCTGGT,0.38,32.78,4.72,28.95
F,Primer_493_F,TGGACAACTTGGC,0.54,32.78,4.72,35.25
R,Primer_0_R,CCATCATGTTGTA,0.38,32.22,4.90,28.95
R,Primer_1_R,GGTCTGATTTCCA,0.46,32.22,4.90,32.10
R,Primer_2_R,TGAGAATCTCTTC,0.38,32.22,4.90,28.95
R,Primer_3_R,TCCATGTTGGTGA,0.46,32.22,4.90,32.10
R,Primer_4_R,TTGAAGGTTCCCA,0.46,32.22,4.90,32.10
R,Primer_5_R,TTTCAGCCATATG,0.38,32.22,4.90,28.95
R,Primer_6_R,AAATGGAACGCCA,0.46,32.22,4.90,32.10
R,Primer_7_R,CTGGTCTGTAGTT,0.46,32.22,4.90,32.10
R,Primer_8_R,TGCCACATTGTGT,0.46,32.22,4.90,32.10
R,Primer_9_R,CCACATTTGAGTT,0.38,32.22,4.90,28.95
R,Primer_10_R,AGCATTCCTCCAT,0.46,32.22,4.90,32.10
R,Primer_11_R,ATATGTACTGGTC,0.38,32.22,4.90,28.95
R,Primer_12_R,TGTGCATTGCTCC,0.54,32.22,4.90,35.25
R,Primer_13_R,CTCGGGTTGAGAT,0.54,32.22,4.90,35.25
R,Primer_14_R,TTCTATCCACTTC,0.38,32.22,4.90,28.95
R,Primer_15_R,TCCAGGCTGAAGC,0.62,32.22,4.90,38.41
R,Primer_16_R,TCTATCCTCTGGC,0.54,32.22,4.90,35.25
R,Primer_17_R,TTCCCATCCCCAT,0.54,32.22,4.90,35.25
R,Primer_18_R,CTTGAGGTGTTAT,0.38,32.22,4.90,28.95
R,Primer_19_R,TGGTTCCTTCCAA,0.46,32.22,4.90,32.10
R,Primer_20_R,GCCGCTATCCAAT,0.54,32.22,4.90,35.25
R,Primer_21_R,TCTTGTTCTTCCA,0.38,32.22,4.90,28.95
R,Primer_22_R,TCAAAAGTCTTCC,0.38,32.22,4.90,28.95
R,Primer_23_R,TGCCTATTCCCAC,0.54,32.22,4.90,35.25
R,Primer_24_R,GGAGATCCAGATG,0.54,32.22,4.90,35.25
R,Primer_25_R,GTGTCAACTTTCT,0.38,32.22,4.90,28.95
R,Primer_26_R,CTTGTGGGAGCCA,0.62,32.22,4.90,38.41
R,Primer_27_R,ACCGCCGCTGTCA,0.69,32.22,4.90,41.56
R,Primer_28_R,GGGATCTTGCATG,0.54,32.22,4.90,35.25
R,Primer_29_R,TCATCTGCATACA,0.38,32.22,4.90,28.95
R,Primer_30_R,ACAACCACTGTGA,0.46,32.22,4.90,32.10
R,Primer_31_R,TTCCATCCATAGG,0.46,32.22,4.90,32.10
R,Primer_32_R,AAGTCCCATGCGG,0.62,32.22,4.90,38.41
R,Primer_33_R,CGGCTGAACAGAT,0.54,32.22,4.90,35.25
R,Primer_34_R,TCTTCGTGTCCTG,0.54,32.22,4.90,35.25
R,Primer_35_R,CGGATCTGTCCAC,0.62,32.22,4.90,38.41
R,Primer_36_R,AGTGAACTTAGTA,0.31,32.22,4.90,25.79
R,Primer_37_R,GTGTCCACTTTCT,0.46,32.22,4.90,32.10
R,Primer_38_R,GTTGCTTTAAGGA,0.38,32.22,4.90,28.95
R,Primer_39_R,CGGAACGTTTGTC,0.54,32.22,4.90,35.25
R,Primer_40_R,GGAGAGAACTGGC,0.62,32.22,4.90,38.41
R,Primer_41_R,CCCAGGCTGTGTC,0.69,32.22,4.90,41.56
R,Primer_42_R,ACTTTGTAGGATA,0.31,32.22,4.90,25.79
R,Primer_43_R,CCAGTGTGATGGA,0.54,32.22,4.90,35.25
R,Primer_44_R,CCACTGATCTTTT,0.38,32.22,4.90,28.95
R,Primer_45_R,AGTTTCCCTATTT,0.31,32.22,4.90,25.79
R,Primer_46_R,TTGGAGATCCTGA,0.46,32.22,4.90,32.10
R,Primer_47_R,AGTGAGAATCTCT,0.38,32.22,4.90,28.95
R,Primer_48_R,CTATTTGATATTC,0.23,32.22,4.90,22.64
R,Primer_49_R,TGTCTCCTGTCAT,0.46,32.22,4.90,32.10
R,Primer_50_R,CTCTGTGGTGTTA,0.46,32.22,4.90,32.10
R,Primer_51_R,CTATCCAGTGTGG,0.54,32.22,4.90,35.25
R,Primer_52_R,TCCATTTTTTCTA,0.23,32.22,4.90,22.64
R,Primer_53_R,TGTCCCATCCTGC,0.62,32.22,4.90,38.41
R,Primer_54_R,CCTATGTCATCCG,0.54,32.22,4.90,35.25
R,Primer_55_R,ACTGCCGAGCAAA,0.54,32.22,4.90,35.25
R,Primer_56_R,ATTTCAGTTCTTT,0.23,32.22,4.90,22.64
R,Primer_57_R,TTTCATGCTCTTG,0.38,32.22,4.90,28.95
R,Primer_58_R,ACATCCTGTTTCT,0.38,32.22,4.90,28.95
R,Primer_59_R,GAGTGTTTGCAGA,0.46,32.22,4.90,32.10
R,Primer_60_R,CTTCAGCTGCCAC,0.62,32.22,4.90,38.41
R,Primer_61_R,TCCATATTGGTGA,0.38,32.22,4.90,28.95
R,Primer_62_R,CTGCTCAATTGAA,0.38,32.22,4.90,28.95
R,Primer_63_R,ATAAATGTCAAGG,0.31,32.22,4.90,25.79
R,Primer_64_R,CGTAGATCTATGT,0.38,32.22,4.90,28.95
R,Primer_65_R,TGACGTGCCACAT,0.54,32.22,4.90,35.25
R,Primer_66_R,TGTATCCTCTAGC,0.46,32.22,4.90,32.10
R,Primer_67_R,TCTCTGTTTCCTA,0.38,32.22,4.90,28.95
R,Primer_68_R,GCTGTGTCATCAG,0.54,32.22,4.90,35.25
R,Primer_69_R,TGTGGAGATGGGC,0.62,32.22,4.90,38.41
R,Primer_70_R,ATGGCATAATGTG,0.38,32.22,4.90,28.95
R,Primer_71_R,CATCCTGTTTTTC,0.38,32.22,4.90,28.95
R,Primer_72_R,CCTGAGATCACCA,0.54,32.22,4.90,35.25
R,Primer_73_R,GCACTCTTCCTAT,0.46,32.22,4.90,32.10
R,Primer_74_R,GCCCAGGTTGCTC,0.69,32.22,4.90,41.56
R,Primer_75_R,GTGTTGTTATTGG,0.38,32.22,4.90,28.95
R,Primer_76_R,ACTTCTTCTTTTA,0.23,32.22,4.90,22.64
R,Primer_77_R,TGGAAAGCAAGTG,0.46,32.22,4.90,32.10
R,Primer_78_R,AGGCTGATGCTGG,0.62,32.22,4.90,38.41
R,Primer_79_R,TACCCATTTCTGT,0.38,32.22,4.90,28.95
R,Primer_80_R,AAAGGAATCTTGC,0.38,32.22,4.90,28.95
R,Primer_81_R,GATGGCTGCCATT,0.54,32.22,4.90,35.25
R,Primer_82_R,GATATGTACCCTC,0.46,32.22,4.90,32.10
R,Primer_83_R,GGTCCTGCTCCTC,0.69,32.22,4.90,41.56
R,Primer_84_R,ACGCCCATTCCCA,0.62,32.22,4.90,38.41
R,Primer_85_R,TCACTGCATTTGG,0.46,32.22,4.90,32.10
R,Primer_86_R,TTCCCTCTCTGTT,0.46,32.22,4.90,32.10
R,Primer_87_R,CCTCCTTGATCCT,0.54,32.22,4.90,35.25
R,Primer_88_R,CTATTAGTAATGC,0.31,32.22,4.90,25.79
R,Primer_89_R,CTGGTACTGCTGA,0.54,32.22,4.90,35.25
R,Primer_90_R,TTATCTCAAAAGG,0.31,32.22,4.90,25.79
R,Primer_91_R,CCCACAACTACCG,0.62,32.22,4.90,38.41
R,Primer_92_R,GCAACAGTCAACG,0.54,32.22,4.90,35.25
R,Primer_93_R,GCTACTTTATGGG,0.46,32.22,4.90,32.10
R,Primer_94_R,CCCAAGCTGTGTC,0.62,32.22,4.90,38.41
R,Primer_95_R,GCTTGATTGCACG,0.54,32.22,4.90,35.25
R,Primer_96_R,GCCCTGCTTGTTA,0.54,32.22,4.90,35.25
R,Primer_97_R,GGGTGTGGTACCC,0.69,32.22,4.90,41.56
R,Primer_98_R,TCTTCATGTCCTG,0.46,32.22,4.90,32.10
R,Primer_99_R,GACGCGATCCATT,0.54,32.22,4.90,35.25
R,Primer_100_R,ATTAATGTTCTCA,0.23,32.22,4.90,22.64
R,Primer_101_R,ACGTCTCTTGATT,0.38,32.22,4.90,28.95
R,Primer_102_R,GTATGCATTGCTC,0.46,32.22,4.90,32.10
R,Primer_103_R,CATATTCAGGCAA,0.38,32.22,4.90,28.95
R,Primer_104_R,CTTGGGTTCTCGT,0.54,32.22,4.90,35.25
R,Primer_105_R,ATAGCATAATGTG,0.31,32.22,4.90,25.79
R,Primer_106_R,GTGTCAAAGGTTT,0.38,32.22,4.90,28.95
R,Primer_107_R,TTTTCTTTGCATT,0.23,32.22,4.90,22.64
R,Primer_108_R,GTAACGTGCCACA,0.54,32.22,4.90,35.25
R,Primer_109_R,AGAGTTGTTTTGA,0.31,32.22,4.90,25.79
R,Primer_110_R,CATGTTCTCTTCT,0.38,32.22,4.90,28.95
R,Primer_111_R,AGATGGAACGCCA,0.54,32.22,4.90,35.25
R,Primer_112_R,CTGGGCCCTTTGC,0.69,32.22,4.90,41.56
R,Primer_113_R,CTGGTCTATAGTT,0.38,32.22,4.90,28.95
R,Primer_114_R,CCCATCATGTTAT,0.38,32.22,4.90,28.95
R,Primer_115_R,AAAATGCTCACCA,0.38,32.22,4.90,28.95
R,Primer_116_R,GTAGGAGTCACGC,0.62,32.22,4.90,38.41
R,Primer_117_R,CTGAGTTGTATCA,0.38,32.22,4.90,28.95
R,Primer_118_R,GTGACATGCCACA,0.54,32.22,4.90,35.25
R,Primer_119_R,GCTACCAATAAGA,0.38,32.22,4.90,28.95
R,Primer_120_R,TCGGAGTACTGGA,0.54,32.22,4.90,35.25
R,Primer_121_R,TCAGAGGTCCAGT,0.54,32.22,4.90,35.25
R,Primer_122_R,CTGCGTTTGGGAC,0.62,32.22,4.90,38.41
R,Primer_123_R,GCTAGAATGCTCA,0.46,32.22,4.90,32.10
R,Primer_124_R,CTCTAGTGGGGGC,0.69,32.22,4.90,41.56
R,Primer_125_R,GTTCTCTGCCCTT,0.54,32.22,4.90,35.25
R,Primer_126_R,GTCGGTGTTCGCC,0.69,32.22,4.90,41.56
R,Primer_127_R,TCATTCCATCCTT,0.38,32.22,4.90,28.95
R,Primer_128_R,TAGCCTGGTCTGT,0.54,32.22,4.90,35.25
R,Primer_129_R,GTGGGAGCCAGGA,0.69,32.22,4.90,41.56
R,Primer_130_R,TTGCTTTGAGGAG,0.46,32.22,4.90,32.10
R,Primer_131_R,TTTCTCTTTCAAT,0.23,32.22,4.90,22.64
R,Primer_132_R,TGGTCACACACTT,0.46,32.22,4.90,32.10
R,Primer_133_R,TCCAATTAATTAC,0.23,32.22,4.90,22.64
R,Primer_134_R,ATGAGTATGGTCA,0.38,32.22,4.90,28.95
R,Primer_135_R,TCTTATTAGTTGG,0.31,32.22,4.90,25.79
R,Primer_136_R,ACATCATTTTTGA,0.23,32.22,4.90,22.64
R,Primer_137_R,CCCATCATATTGT,0.38,32.22,4.90,28.95
R,Primer_138_R,ATTTCAAAAGGGA,0.31,32.22,4.90,25.79
R,Primer_139_R,GCCATCCACAACA,0.54,32.22,4.90,35.25
R,Primer_140_R,ACATCCTGTCTCT,0.46,32.22,4.90,32.10
R,Primer_141_R,CTAGTATTCCACT,0.38,32.22,4.90,28.95
R,Primer_142_R,CGGTTGATGCCTG,0.62,32.22,4.90,38.41
R,Primer_143_R,CTACTGAGCGCTT,0.54,32.22,4.90,35.25
R,Primer_144_R,CCAAAATCCCAAG,0.46,32.22,4.90,32.10
R,Primer_145_R,GCGTCTCTTGATT,0.46,32.22,4.90,32.10
R,Primer_146_R,GCCATGGAGGCTA,0.62,32.22,4.90,38.41
R,Primer_147_R,TTATCTCTATGGG,0.38,32.22,4.90,28.95
R,Primer_148_R,TTTTCCATCCCTT,0.38,32.22,4.90,28.95
R,Primer_149_R,TCTTTGTGCTCTT,0.38,32.22,4.90,28.95
R,Primer_150_R,TTCCTTCCTATTC,0.38,32.22,4.90,28.95
R,Primer_151_R,TTGTGCTGTGAAA,0.38,32.22,4.90,28.95
R,Primer_152_R,TTCTCTGCAGTTT,0.38,32.22,4.90,28.95
R,Primer_153_R,CTCAGCCACACCG,0.69,32.22,4.90,41.56
R,Primer_154_R,CACAACCCATGTC,0.54,32.22,4.90,35.25
R,Primer_155_R,GTATCAAAGGTTT,0.31,32.22,4.90,25.79
R,Primer_156_R,CCGATGGTGACCT,0.62,32.22,4.90,38.41
R,Primer_157_R,GTTCCGGGTTTGA,0.54,32.22,4.90,35.25
R,Primer_158_R,TAGAGGAAAGGTA,0.38,32.22,4.90,28.95
R,Primer_159_R,GCAAGCCACTAGC,0.62,32.22,4.90,38.41
R,Primer_160_R,GTGAAACGCCATT,0.46,32.22,4.90,32.10
R,Primer_161_R,CGCAGCCTCCTTT,0.62,32.22,4.90,38.41
R,Primer_162_R,CCTATTATTGCAT,0.31,32.22,4.90,25.79
R,Primer_163_R,ACATCATTCTTTA,0.23,32.22,4.90,22.64
R,Primer_164_R,ATCTTATGAAAGT,0.23,32.22,4.90,22.64
R,Primer_165_R,ATGATGGCTAGGT,0.46,32.22,4.90,32.10
R,Primer_166_R,TCTATGTCCAGGA,0.46,32.22,4.90,32.10
R,Primer_167_R,GTTATCAGTGCCA,0.46,32.22,4.90,32.10
R,Primer_168_R,CCACTACAGTGAG,0.54,32.22,4.90,35.25
R,Primer_169_R,GTGTTCTGGTATC,0.46,32.22,4.90,32.10
R,Primer_170_R,TTCCACTTTTCTT,0.31,32.22,4.90,25.79
R,Primer_171_R,TCCATGCTGAAGC,0.54,32.22,4.90,35.25
R,Primer_172_R,ATGTACTGTTGGT,0.38,32.22,4.90,28.95
R,Primer_173_R,AAGATTGGTCCTG,0.46,32.22,4.90,32.10
R,Primer_174_R,GTCATGAAGGTTG,0.46,32.22,4.90,32.10
R,Primer_175_R,ACTCGAGTTGAAA,0.38,32.22,4.90,28.95
R,Primer_176_R,TGTAGAGATGGGC,0.54,32.22,4.90,35.25
R,Primer_177_R,TCATCGGCATACA,0.46,32.22,4.90,32.10
R,Primer_178_R,CATGGTGCATCTG,0.54,32.22,4.90,35.25
R,Primer_179_R,TCCCACTCCTTTT,0.46,32.22,4.90,32.10
R,Primer_180_R,CCGAAGTCCCATG,0.62,32.22,4.90,38.41
R,Primer_181_R,GTCTCAGGTCTCT,0.54,32.22,4.90,35.25
R,Primer_182_R,GGTCCAGTAGCCA,0.62,32.22,4.90,38.41
R,Primer_183_R,GGGATAGGTTCCT,0.54,32.22,4.90,35.25
R,Primer_184_R,AAGTTGGAAGCCT,0.46,32.22,4.90,32.10
R,Primer_185_R,CCACTCTGTAGGC,0.62,32.22,4.90,38.41
R,Primer_186_R,CCCTTGTCCATCC,0.62,32.22,4.90,38.41
R,Primer_187_R,TACATATTTCCCC,0.38,32.22,4.90,28.95
R,Primer_188_R,ACCTTTTGTCCTG,0.46,32.22,4.90,32.10
R,Primer_189_R,GGCCTGTAGTTGT,0.54,32.22,4.90,35.25
R,Primer_190_R,AGCCTTCTGAGGC,0.62,32.22,4.90,38.41
R,Primer_191_R,CGCAACCACTATC,0.54,32.22,4.90,35.25
R,Primer_192_R,TTTTGAGTCACAA,0.31,32.22,4.90,25.79
R,Primer_193_R,CATCTCATTGTCA,0.38,32.22,4.90,28.95
R,Primer_194_R,CTGTATCAAAAGT,0.31,32.22,4.90,25.79
R,Primer_195_R,TTCTTGTAAAGGT,0.31,32.22,4.90,25.79
R,Primer_196_R,ATGAAACGCCATC,0.46,32.22,4.90,32.10
R,Primer_197_R,ACTCGAGTTGAGA,0.46,32.22,4.90,32.10
R,Primer_198_R,CTGCTATCCAATG,0.46,32.22,4.90,32.10
R,Primer_199_R,CCGTGAATATGTA,0.38,32.22,4.90,28.95
R,Primer_200_R,ACTGTGAATTTCA,0.31,32.22,4.90,25.79
R,Primer_201_R,TTATGGCATAATG,0.31,32.22,4.90,25.79
R,Primer_202_R,CTGCTGTGAGAGT,0.54,32.22,4.90,35.25
R,Primer_203_R,AGTACTGCCGCTG,0.62,32.22,4.90,38.41
R,Primer_204_R,ATGGCATTTGCCG,0.54,32.22,4.90,35.25
R,Primer_205_R,TATTTGATCCCTT,0.31,32.22,4.90,25.79
R,Primer_206_R,TCACATAGTTGGG,0.46,32.22,4.90,32.10
R,Primer_207_R,TCGCGTCTATGCT,0.54,32.22,4.90,35.25
R,Primer_208_R,AAGAGTCCTGAGA,0.46,32.22,4.90,32.10
R,Primer_209_R,TGCATGGCCCCTT,0.62,32.22,4.90,38.41
R,Primer_210_R,GGAAAACGTTGTT,0.38,32.22,4.90,28.95
R,Primer_211_R,GGAGATCCTGAAG,0.54,32.22,4.90,35.25
R,Primer_212_R,TGCTCGCCAGTTT,0.54,32.22,4.90,35.25
R,Primer_213_R,ATGCTCACAAGCC,0.54,32.22,4.90,35.25
R,Primer_214_R,CTGTGCCTCGTTT,0.54,32.22,4.90,35.25
R,Primer_215_R,TGTCAAAAGTTTT,0.23,32.22,4.90,22.64
R,Primer_216_R,ATGTCATTCTTTA,0.23,32.22,4.90,22.64
R,Primer_217_R,TGGGCTTCCATGT,0.54,32.22,4.90,35.25
R,Primer_218_R,CTGTGGTTGTGTT,0.46,32.22,4.90,32.10
R,Primer_219_R,TCGTTCCATCCTC,0.54,32.22,4.90,35.25
R,Primer_220_R,TTTGAACACGTTA,0.31,32.22,4.90,25.79
R,Primer_221_R,CCTCCGTATTTCC,0.54,32.22,4.90,35.25
R,Primer_222_R,GCCTCACACAGAG,0.62,32.22,4.90,38.41
R,Primer_223_R,AAATAGCCATGAT,0.31,32.22,4.90,25.79
R,Primer_224_R,TGCCTTTCCAGTT,0.46,32.22,4.90,32.10
R,Primer_225_R,TGCTCTAAGACCC,0.54,32.22,4.90,35.25
R,Primer_226_R,ACAAAGTCTCTGT,0.38,32.22,4.90,28.95
R,Primer_227_R,GCTGAGATATTGG,0.46,32.22,4.90,32.10
R,Primer_228_R,ACTGTAAATTTCA,0.23,32.22,4.90,22.64
R,Primer_229_R,GGTCTAATTTCCA,0.38,32.22,4.90,28.95
R,Primer_230_R,TGGCGTTGGATGC,0.62,32.22,4.90,38.41
R,Primer_231_R,AAGCTGCTAGTAG,0.46,32.22,4.90,32.10
R,Primer_232_R,CTTCCTTTTTATG,0.31,32.22,4.90,25.79
R,Primer_233_R,TCGAGAATCTCTT,0.38,32.22,4.90,28.95
R,Primer_234_R,AAAAGCACTGTTA,0.31,32.22,4.90,25.79
R,Primer_235_R,TTCTGAGTCATAA,0.31,32.22,4.90,25.79
R,Primer_236_R,CTTCTTGTGCTGG,0.54,32.22,4.90,35.25
R,Primer_237_R,ACTTGTATGTTAG,0.31,32.22,4.90,25.79
R,Primer_238_R,GTTCTGTCCACTT,0.46,32.22,4.90,32.10
R,Primer_239_R,TTCTGCTTCTGTG,0.46,32.22,4.90,32.10
R,Primer_240_R,GCATGATTCCTTT,0.38,32.22,4.90,28.95
R,Primer_241_R,TTAAGGCTTCACA,0.38,32.22,4.90,28.95
R,Primer_242_R,TCTTGGGATCCTA,0.46,32.22,4.90,32.10
R,Primer_243_R,CAATGACATCCAT,0.38,32.22,4.90,28.95
R,Primer_244_R,CCTGCTGTGTCGT,0.62,32.22,4.90,38.41
R,Primer_245_R,TCTCTGTTCACGA,0.46,32.22,4.90,32.10
R,Primer_246_R,CACACAAAGTTCG,0.46,32.22,4.90,32.10
R,Primer_247_R,GCATAATCCAATG,0.38,32.22,4.90,28.95
R,Primer_248_R,CAACTCTTGTGGG,0.54,32.22,4.90,35.25
R,Primer_249_R,CATTCTGGGCTCT,0.54,32.22,4.90,35.25
R,Primer_250_R,AAATGGAATGCCA,0.38,32.22,4.90,28.95
R,Primer_251_R,GCTCCCATATTGG,0.54,32.22,4.90,35.25
R,Primer_252_R,GTTTTGAGTCGCA,0.46,32.22,4.90,32.10
R,Primer_253_R,AGCTGTATTTCCG,0.46,32.22,4.90,32.10
R,Primer_254_R,TGCTAGCAGAGTT,0.46,32.22,4.90,32.10
R,Primer_255_R,GCATTGTCATTGA,0.38,32.22,4.90,28.95
R,Primer_256_R,GATCACCTTCCTT,0.46,32.22,4.90,32.10
R,Primer_257_R,TCTTGTTCCTCTT,0.38,32.22,4.90,28.95
R,Primer_258_R,AGCATTCCTCCGT,0.54,32.22,4.90,35.25
R,Primer_259_R,GTCTTTCTACTAA,0.31,32.22,4.90,25.79
R,Primer_260_R,AATGAGCCACTAG,0.46,32.22,4.90,32.10
R,Primer_261_R,CTAGGTACGTTGT,0.46,32.22,4.90,32.10
R,Primer_262_R,TCTCCCATTTCCA,0.46,32.22,4.90,32.10
R,Primer_263_R,TACTCAGGCAAGA,0.46,32.22,4.90,32.10
R,Primer_264_R,CATCGCATGGCCA,0.62,32.22,4.90,38.41
R,Primer_265_R,GGTCCTGTGGCCA,0.69,32.22,4.90,41.56
R,Primer_266_R,TGGCGGATGAGTT,0.54,32.22,4.90,35.25
R,Primer_267_R,CTCAAATCCACAT,0.38,32.22,4.90,28.95
R,Primer_268_R,TCAAAGGTCTTCC,0.46,32.22,4.90,32.10
R,Primer_269_R,ATAGCATTAGCCG,0.46,32.22,4.90,32.10
R,Primer_270_R,GTAGCCATGGGAA,0.54,32.22,4.90,35.25
R,Primer_271_R,CCACTCCTTTTGT,0.46,32.22,4.90,32.10
R,Primer_272_R,GGTGTCCTGGTGT,0.62,32.22,4.90,38.41
R,Primer_273_R,AAAGTTGTTTTGA,0.23,32.22,4.90,22.64
R,Primer_274_R,GTCCTGATATCAC,0.46,32.22,4.90,32.10
R,Primer_275_R,GGTGCCAAAATTA,0.38,32.22,4.90,28.95
R,Primer_276_R,CAAGATAAGTCAC,0.38,32.22,4.90,28.95
R,Primer_277_R,ACACCCCTTTCAC,0.54,32.22,4.90,35.25
R,Primer_278_R,GTTAGAGCCTCAC,0.54,32.22,4.90,35.25
R,Primer_279_R,CATGCCATCCCTT,0.54,32.22,4.90,35.25
R,Primer_280_R,AATGGCATTGTTG,0.38,32.22,4.90,28.95
R,Primer_281_R,GCTACCAATAAAA,0.31,32.22,4.90,25.79
R,Primer_282_R,TCAGATCTATCCA,0.38,32.22,4.90,28.95
R,Primer_283_R,GCCAGTTTCACCA,0.54,32.22,4.90,35.25
R,Primer_284_R,CACGAGTTGATAT,0.38,32.22,4.90,28.95
R,Primer_285_R,CGTAGTTCTGGTC,0.54,32.22,4.90,35.25
R,Primer_286_R,ACGTCATTCCTAA,0.38,32.22,4.90,28.95
R,Primer_287_R,CTGCGTAGTTGAT,0.46,32.22,4.90,32.10
R,Primer_288_R,TTCCTTTTTTGTC,0.31,32.22,4.90,25.79
R,Primer_289_R,GGTGTTCTGGTGT,0.54,32.22,4.90,35.25
R,Primer_290_R,GAAAATTGTGTTT,0.23,32.22,4.90,22.64
R,Primer_291_R,GAACCAAAGTCCC,0.54,32.22,4.90,35.25
R,Primer_292_R,ATGTTCTTTGCCC,0.46,32.22,4.90,32.10
R,Primer_293_R,GTCCAAGCTGATG,0.54,32.22,4.90,35.25
R,Primer_294_R,TCTTGAGTTCTCG,0.46,32.22,4.90,32.10
R,Primer_295_R,TGGCCACTTGTAT,0.46,32.22,4.90,32.10
R,Primer_296_R,TCCATGCTGATGC,0.54,32.22,4.90,35.25
R,Primer_297_R,TTTCATCCATATG,0.31,32.22,4.90,25.79
R,Primer_298_R,TCTTCATTTAGGC,0.38,32.22,4.90,28.95
R,Primer_299_R,CTGTCAGTTCTGC,0.54,32.22,4.90,35.25
R,Primer_300_R,CGTTGCGTGTGGT,0.62,32.22,4.90,38.41
R,Primer_301_R,CCATATGTTGACA,0.38,32.22,4.90,28.95
R,Primer_302_R,AACTGGCTAAAAT,0.31,32.22,4.90,25.79
R,Primer_303_R,TCACCCATGCCCA,0.62,32.22,4.90,38.41
R,Primer_304_R,GCCATCCATAACA,0.46,32.22,4.90,32.10
R,Primer_305_R,TTCTCTATTCTCT,0.31,32.22,4.90,25.79
R,Primer_306_R,CGCGGCTCTCCAT,0.69,32.22,4.90,41.56
R,Primer_307_R,GTGTGGTTCTCCA,0.54,32.22,4.90,35.25
R,Primer_308_R,TGCCATGATGGCT,0.54,32.22,4.90,35.25
R,Primer_309_R,TCCATCCTTTTGA,0.38,32.22,4.90,28.95
R,Primer_310_R,GTATGTTCTGGGC,0.54,32.22,4.90,35.25
R,Primer_311_R,GGAGTTTCAGCCA,0.54,32.22,4.90,35.25
R,Primer_312_R,CCACTCCATGACA,0.54,32.22,4.90,35.25
R,Primer_313_R,CCTCATGTCCAGG,0.62,32.22,4.90,38.41
R,Primer_314_R,CCACCACTCTCGT,0.62,32.22,4.90,38.41
R,Primer_315_R,CTCCGGGTATCTT,0.54,32.22,4.90,35.25
R,Primer_316_R,CCCATCCTGTCAG,0.62,32.22,4.90,38.41
R,Primer_317_R,TCTACGTCCAGCA,0.54,32.22,4.90,35.25
R,Primer_318_R,CATGCCACATTGT,0.46,32.22,4.90,32.10
R,Primer_319_R,CTTCTTGTGATCC,0.46,32.22,4.90,32.10
R,Primer_320_R,ATCCAAAGTCCCA,0.46,32.22,4.90,32.10
R,Primer_321_R,TTTCCTTTCCTGT,0.38,32.22,4.90,28.95
R,Primer_322_R,GGGCTTCCATATT,0.46,32.22,4.90,32.10
R,Primer_323_R,CGTACATTGCTCC,0.54,32.22,4.90,35.25
R,Primer_324_R,AATTGTGTTGTGA,0.31,32.22,4.90,25.79
R,Primer_325_R,TTTCCAAATCCAT,0.31,32.22,4.90,25.79
R,Primer_326_R,GTGTATGGTAGCC,0.54,32.22,4.90,35.25
R,Primer_327_R,CAATGATATCTAG,0.31,32.22,4.90,25.79
R,Primer_328_R,AGAGTAAGCCACT,0.46,32.22,4.90,32.10
R,Primer_329_R,GAAGCTACCTTAT,0.38,32.22,4.90,28.95
R,Primer_330_R,CTAGGTAAGTGAC,0.46,32.22,4.90,32.10
R,Primer_331_R,TTCCAACTCACAA,0.38,32.22,4.90,28.95
R,Primer_332_R,GAGCTGGCCAAGA,0.62,32.22,4.90,38.41
R,Primer_333_R,AAATCCCAGGCTG,0.54,32.22,4.90,35.25
R,Primer_334_R,GTTGGCAAACTGG,0.54,32.22,4.90,35.25
R,Primer_335_R,ATGGATTCACACA,0.38,32.22,4.90,28.95
R,Primer_336_R,TCTCTTGTTGACA,0.38,32.22,4.90,28.95
R,Primer_337_R,TACCTATTCCCAC,0.46,32.22,4.90,32.10
R,Primer_338_R,TGGGAGTTATCGT,0.46,32.22,4.90,32.10
R,Primer_339_R,CTCCAGAGTTTCT,0.46,32.22,4.90,32.10
R,Primer_340_R,GGATCTTACATGG,0.46,32.22,4.90,32.10
R,Primer_341_R,TGCTGACTATTCC,0.46,32.22,4.90,32.10
R,Primer_342_R,AGCTTCACACAAG,0.46,32.22,4.90,32.10
R,Primer_343_R,CCTGCCGTTTGGG,0.69,32.22,4.90,41.56
R,Primer_344_R,GTTTCTCCAGCTC,0.54,32.22,4.90,35.25
R,Primer_345_R,GAGACTGCCAGCA,0.62,32.22,4.90,38.41
R,Primer_346_R,CGGTTTGAGAACA,0.46,32.22,4.90,32.10
R,Primer_347_R,GCTGAACATATGG,0.46,32.22,4.90,32.10
R,Primer_348_R,TGCCCATTTCTGT,0.46,32.22,4.90,32.10
R,Primer_349_R,CGCATCGCATTCC,0.62,32.22,4.90,38.41
R,Primer_350_R,CCAGCCTGAGGTC,0.69,32.22,4.90,41.56
R,Primer_351_R,TGCTCAATTGGAT,0.38,32.22,4.90,28.95
R,Primer_352_R,TCCCATCCGGCTG,0.69,32.22,4.90,41.56
R,Primer_353_R,CTCGTTTTGCTCT,0.46,32.22,4.90,32.10
R,Primer_354_R,ACTGCTGAGCATA,0.46,32.22,4.90,32.10
R,Primer_355_R,TGAGGTGTTATCT,0.38,32.22,4.90,28.95
R,Primer_356_R,ACGATGGAGCTAC,0.54,32.22,4.90,35.25
R,Primer_357_R,AATCCTTTTGAGA,0.31,32.22,4.90,25.79
R,Primer_358_R,GGGATTTTGCATG,0.46,32.22,4.90,32.10
R,Primer_359_R,CTGATGGTGACCT,0.54,32.22,4.90,35.25
R,Primer_360_R,GCTTCCATCTTTT,0.38,32.22,4.90,28.95
R,Primer_361_R,ATGTCTTTCCTCA,0.38,32.22,4.90,28.95
R,Primer_362_R,TAACGTCCTTGGA,0.46,32.22,4.90,32.10
R,Primer_363_R,CCATACCTATATC,0.38,32.22,4.90,28.95
R,Primer_364_R,ATTGGGGATCCTG,0.54,32.22,4.90,35.25
R,Primer_365_R,GCGTGGCATAGCC,0.69,32.22,4.90,41.56
R,Primer_366_R,TGCAATCGCTGGA,0.54,32.22,4.90,35.25
R,Primer_367_R,TGGAAAGATGCCT,0.46,32.22,4.90,32.10
R,Primer_368_R,GAATCTCTTTGTC,0.38,32.22,4.90,28.95
R,Primer_369_R,GTATCCACCTTCT,0.46,32.22,4.90,32.10
R,Primer_370_R,TTTGAGAACATGT,0.31,32.22,4.90,25.79
R,Primer_371_R,GTGTAAGGAAAGC,0.46,32.22,4.90,32.10
R,Primer_372_R,TGAACTTAGAAGA,0.31,32.22,4.90,25.79
R,Primer_373_R,GGGCTCCACACTG,0.69,32.22,4.90,41.56
R,Primer_374_R,TTTTAGGCTGGGT,0.46,32.22,4.90,32.10
R,Primer_375_R,TTCTGCTACCCAG,0.54,32.22,4.90,35.25
R,Primer_376_R,GTCTGATTAACTG,0.38,32.22,4.90,28.95
R,Primer_377_R,TGTGTTCTCCTGT,0.46,32.22,4.90,32.10
R,Primer_378_R,AATGTCAGAGACA,0.38,32.22,4.90,28.95
R,Primer_379_R,ACACTGCCATAAT,0.38,32.22,4.90,28.95
R,Primer_380_R,TTGGTTGCACGTT,0.46,32.22,4.90,32.10
R,Primer_381_R,AAGTGTTTAAGCC,0.38,32.22,4.90,28.95
R,Primer_382_R,ACATCATTCTTCA,0.31,32.22,4.90,25.79
R,Primer_383_R,GTCGCCATTGGGA,0.62,32.22,4.90,38.41
R,Primer_384_R,TACTCTTCAAACT,0.31,32.22,4.90,25.79
R,Primer_385_R,ATAGGTACTGGTT,0.38,32.22,4.90,28.95
R,Primer_386_R,ATAAGTAGCCATG,0.38,32.22,4.90,28.95
R,Primer_387_R,GTATGTCTTTCCT,0.38,32.22,4.90,28.95
R,Primer_388_R,CGAAGTCTCTGTT,0.46,32.22,4.90,32.10
R,Primer_389_R,CCTATGATGGCAT,0.46,32.22,4.90,32.10
R,Primer_390_R,CCTGCCTTTCTTT,0.46,32.22,4.90,32.10
R,Primer_391_R,AGCCAAAGTCCCA,0.54,32.22,4.90,35.25
R,Primer_392_R,TGGCCCTAGAGGA,0.62,32.22,4.90,38.41
R,Primer_393_R,GGTTCCTGGGTTC,0.62,32.22,4.90,38.41
R,Primer_394_R,CTGTGCTCTCCTG,0.62,32.22,4.90,38.41
R,Primer_395_R,TTCTGGGCCCTTA,0.54,32.22,4.90,35.25
R,Primer_396_R,CTGATGCTACTTT,0.38,32.22,4.90,28.95
R,Primer_397_R,CCGTTAATTTGAT,0.31,32.22,4.90,25.79
R,Primer_398_R,CCGGAGAAAACAT,0.46,32.22,4.90,32.10
R,Primer_399_R,TCCTCTGTGGAGA,0.54,32.22,4.90,35.25
R,Primer_400_R,GGAGCTCCAGCAC,0.69,32.22,4.90,41.56
R,Primer_401_R,GATTTGACTAGAT,0.31,32.22,4.90,25.79
R,Primer_402_R,TTTCCTTTGTAGT,0.31,32.22,4.90,25.79
R,Primer_403_R,GGGTTCCTGCCAA,0.62,32.22,4.90,38.41
R,Primer_404_R,ACTTTGTAAGCCA,0.38,32.22,4.90,28.95
R,Primer_405_R,ATTTGGGACACAC,0.46,32.22,4.90,32.10
R,Primer_406_R,AAAAGTCAAGGAA,0.31,32.22,4.90,25.79
R,Primer_407_R,CTGTTCCTCTTTC,0.46,32.22,4.90,32.10
R,Primer_408_R,GGTACACCCCTGA,0.62,32.22,4.90,38.41
R,Primer_409_R,AGCATGACTAAGG,0.46,32.22,4.90,32.10
R,Primer_410_R,GCCACGTTTTATG,0.46,32.22,4.90,32.10
R,Primer_411_R,TTCTGAGGCAACT,0.46,32.22,4.90,32.10
R,Primer_412_R,CATGCCACATGGT,0.54,32.22,4.90,35.25
R,Primer_413_R,GTCTCAAGTCCAC,0.54,32.22,4.90,35.25
R,Primer_414_R,GCTAGCCTGAGAT,0.54,32.22,4.90,35.25
R,Primer_415_R,TGCTTACACACGT,0.46,32.22,4.90,32.10
R,Primer_416_R,CCTTCACATCCCC,0.62,32.22,4.90,38.41
R,Primer_417_R,ACTAGCGTGCGCA,0.62,32.22,4.90,38.41
R,Primer_418_R,CCCATTCCAACAC,0.54,32.22,4.90,35.25
R,Primer_419_R,GCCACTGAGCGCT,0.69,32.22,4.90,41.56
R,Primer_420_R,AAGTCTTCCTACT,0.38,32.22,4.90,28.95
R,Primer_421_R,ATGCTCACCATTC,0.46,32.22,4.90,32.10
R,Primer_422_R,CTCTTCCTATTTC,0.38,32.22,4.90,28.95
R,Primer_423_R,AGTGGAATGCCAT,0.46,32.22,4.90,32.10
R,Primer_424_R,TGGTCAGATGAAA,0.38,32.22,4.90,28.95
R,Primer_425_R,TGCTGTTTGTGTG,0.46,32.22,4.90,32.10
R,Primer_426_R,GCTAGTTTCACCA,0.46,32.22,4.90,32.10
R,Primer_427_R,TGTGCTTCCATGT,0.46,32.22,4.90,32.10
R,Primer_428_R,CCAGAATCAGGGT,0.54,32.22,4.90,35.25
R,Primer_429_R,CACCCAAAATGGC,0.54,32.22,4.90,35.25
R,Primer_430_R,TGTCCTGCTCTTC,0.54,32.22,4.90,35.25
R,Primer_431_R,TGTCCCAACCTGC,0.62,32.22,4.90,38.41
R,Primer_432_R,TAGAGTTAAGGCT,0.38,32.22,4.90,28.95
R,Primer_433_R,TCTGAAGCCTTCT,0.46,32.22,4.90,32.10
R,Primer_434_R,TACTGCCGCTATA,0.46,32.22,4.90,32.10
R,Primer_435_R,TGGGGGATCCTGA,0.62,32.22,4.90,38.41
R,Primer_436_R,TATGTCATCTGTC,0.38,32.22,4.90,28.95
R,Primer_437_R,GTGGAAGCTTCCC,0.62,32.22,4.90,38.41
R,Primer_438_R,GGGATCCAGATGT,0.54,32.22,4.90,35.25
R,Primer_439_R,AGGAGGCTAACCA,0.54,32.22,4.90,35.25
R,Primer_440_R,TCGTCCTCTTGTG,0.54,32.22,4.90,35.25
R,Primer_441_R,TATTCTTTCTCCA,0.31,32.22,4.90,25.79
R,Primer_442_R,CATTTAAGTTCTT,0.23,32.22,4.90,22.64
R,Primer_443_R,TTTGCATGGAGCC,0.54,32.22,4.90,35.25
R,Primer_444_R,AATCTTAGCCATA,0.31,32.22,4.90,25.79
R,Primer_445_R,CCTGTTTGTGAAG,0.46,32.22,4.90,32.10
R,Primer_446_R,TAATATCACAGCA,0.31,32.22,4.90,25.79
R,Primer_447_R,GCCTCGTTTTATG,0.46,32.22,4.90,32.10
R,Primer_448_R,CCATCTCTCGTTG,0.54,32.22,4.90,35.25
R,Primer_449_R,GGTTAGAGCTTCA,0.46,32.22,4.90,32.10
R,Primer_450_R,CTTTCTTTGTAGC,0.38,32.22,4.90,28.95
R,Primer_451_R,CAAAGTCAAGACT,0.38,32.22,4.90,28.95
R,Primer_452_R,ATCCCCATCCTGT,0.54,32.22,4.90,35.25
R,Primer_453_R,GTTCTATCTACTT,0.31,32.22,4.90,25.79
R,Primer_454_R,TGCCGTTTGTGTG,0.54,32.22,4.90,35.25
R,Primer_455_R,CTGGCCGCTATGC,0.69,32.22,4.90,41.56
R,Primer_456_R,TCTTCCATCCCTT,0.46,32.22,4.90,32.10
R,Primer_457_R,AAGTCCACATCTA,0.38,32.22,4.90,28.95
R,Primer_458_R,ACGGAGAACCGTC,0.62,32.22,4.90,38.41
R,Primer_459_R,CCTTCTGATGCCA,0.54,32.22,4.90,35.25
R,Primer_460_R,TCGCCCAGGTAGC,0.69,32.22,4.90,41.56
R,Primer_461_R,AAGTCCATGATCT,0.38,32.22,4.90,28.95
R,Primer_462_R,GTGAGTTTCATGT,0.38,32.22,4.90,28.95
R,Primer_463_R,TGGTTTATTGCTG,0.38,32.22,4.90,28.95
R,Primer_464_R,CCTATAATGGCAT,0.38,32.22,4.90,28.95
R,Primer_465_R,CTTCTTTCTCTTT,0.31,32.22,4.90,25.79
R,Primer_466_R,TCCAGTGTGGCTG,0.62,32.22,4.90,38.41
R,Primer_467_R,TGCATGGCTCCTT,0.54,32.22,4.90,35.25
R,Primer_468_R,CCCTCTTGCGATC,0.62,32.22,4.90,38.41
R,Primer_469_R,TAGGGCTGTTTCT,0.46,32.22,4.90,32.10
R,Primer_470_R,TTTTGCTTTTGGT,0.31,32.22,4.90,25.79
R,Primer_471_R,TTGATGCCTGGGG,0.62,32.22,4.90,38.41
R,Primer_472_R,TTTGCTGCTAGTC,0.46,32.22,4.90,32.10
R,Primer_473_R,GTGCCGGGTTTGA,0.62,32.22,4.90,38.41
R,Primer_474_R,CATTCCGTAGGAT,0.46,32.22,4.90,32.10
R,Primer_475_R,ATAGTGCAATGAA,0.31,32.22,4.90,25.79
R,Primer_476_R,GATGAGTCTGTCC,0.54,32.22,4.90,35.25
R,Primer_477_R,TTGGTAAACGGCC,0.54,32.22,4.90,35.25
R,Primer_478_R,CATGATTGGTCCT,0.46,32.22,4.90,32.10
R,Primer_479_R,GTTGGACCTCCAT,0.54,32.22,4.90,35.25
R,Primer_480_R,GTAGGCCAGCCAG,0.69,32.22,4.90,41.56
R,Primer_481_R,CTAGCATCAATAC,0.38,32.22,4.90,28.95
R,Primer_482_R,TGCGTGACTAGCA,0.54,32.22,4.90,35.25
R,Primer_483_R,CCCCAGTCATGAT,0.54,32.22,4.90,35.25
R,Primer_484_R,CTTTTTCACTCAA,0.31,32.22,4.90,25.79
R,Primer_485_R,GCCTAACACTACT,0.46,32.22,4.90,32.10
R,Primer_486_R,CGTGTCGTCAGGT,0.62,32.22,4.90,38.41
R,Primer_487_R,TACATTCCTGAGA,0.38,32.22,4.90,28.95
R,Primer_488_R,GTTCTGGAGTTCT,0.46,32.22,4.90,32.10
R,Primer_489_R,TGCCCATTTCATC,0.46,32.22,4.90,32.10
R,Primer_490_R,CCACCACCCTTGT,0.62,32.22,4.90,38.41
R,Primer_491_R,GCTGGCGATCTCT,0.62,32.22,4.90,38.41
R,Primer_492_R,AGTGTTAAGACCA,0.38,32.22,4.90,28.95
R,Primer_493_R,AATGACAACAATG,0.31,32.22,4.90,25.79
R,Primer_494_R,TTTTCCATCTTCT,0.31,32.22,4.90,25.79
R,Primer_495_R,CTCATGTCCTGGT,0.54,32.22,4.90,35.25
R,Primer_496_R,TGGTAGGCTGGGT,0.62,32.22,4.90,38.41
R,Primer_497_R,TGATCGTTTTCAT,0.31,32.22,4.90,25.79
R,Primer_498_R,ATGAAAGTTGGGA,0.38,32.22,4.90,28.95
R,Primer_499_R,AAATATATCCTCT,0.23,32.22,4.90,22.64
R,Primer_500_R,TGCTGTTTTCAAA,0.31,32.22,4.90,25.79
R,Primer_501_R,TCAAAAGTCTTTC,0.31,32.22,4.90,25.79
R,Primer_502_R,GGGTTCCCATTGT,0.54,32.22,4.90,35.25
R,Primer_503_R,TTCTCTCGTCTCC,0.54,32.22,4.90,35.25
R,Primer_504_R,GGTCACATAGTTG,0.46,32.22,4.90,32.10
R,Primer_505_R,GTCCACGCTGATG,0.62,32.22,4.90,38.41
R,Primer_506_R,TGCTATTGTTAAT,0.23,32.22,4.90,22.64
R,Primer_507_R,CTGAACAAATAGC,0.38,32.22,4.90,28.95
R,Primer_508_R,CATCCCCATTTCG,0.54,32.22,4.90,35.25
R,Primer_509_R,CTAAAATGGCCAT,0.38,32.22,4.90,28.95
R,Primer_510_R,CTCCTCCTTCTCC,0.62,32.22,4.90,38.41
R,Primer_511_R,TTCTCTGAGACGT,0.46,32.22,4.90,32.10
R,Primer_512_R,TGGTTCTCCGTTG,0.54,32.22,4.90,35.25
R,Primer_513_R,AAGGGCCTGATTT,0.46,32.22,4.90,32.10
R,Primer_514_R,TCACCAGCAATCC,0.54,32.22,4.90,35.25
R,Primer_515_R,TTGCAATTAAAGC,0.31,32.22,4.90,25.79
R,Primer_516_R,GTGTGATGGATTC,0.46,32.22,4.90,32.10
R,Primer_517_R,TTCCTTCCAATTC,0.38,32.22,4.90,28.95
R,Primer_518_R,GTTGCGAGATAGG,0.54,32.22,4.90,35.25
R,Primer_519_R,GTGGGAGCTTGGG,0.69,32.22,4.90,41.56
R,Primer_520_R,CATTCTCTCTATA,0.31,32.22,4.90,25.79
R,Primer_521_R,GGGAAAACGCCAT,0.54,32.22,4.90,35.25
R,Primer_522_R,GGATCTTGCAAGG,0.54,32.22,4.90,35.25
R,Primer_523_R,CATTGAGGTATGT,0.38,32.22,4.90,28.95
R,Primer_524_R,GGTTGCTAGAGTT,0.46,32.22,4.90,32.10
R,Primer_525_R,TGTCCTGCTCCTC,0.62,32.22,4.90,38.41
R,Primer_526_R,GCCGGTGGTCACA,0.69,32.22,4.90,41.56
