Name,GC,Sequence,Direction
Primer_0_R,38.50%,GCTGTTTAACAAG,R
Primer_1_R,46.20%,TCCCATGCTACAT,R
Primer_2_R,38.50%,TAAGGTGTCTAAG,R
Primer_3_R,53.80%,TACACACAGCTGC,R
Primer_4_R,53.80%,TGCCATGTTCCCT,R
Primer_5_R,30.80%,TAAATCCACATTC,R
Primer_6_R,30.80%,GCAAATCATATTC,R
Primer_7_R,38.50%,TCTACCATATCAC,R
Primer_8_R,23.10%,AATAGGACTTATA,R
Primer_9_R,30.80%,AATTGCTATCATC,R
Primer_10_R,38.50%,TACAGAGGTAGTA,R
Primer_11_R,61.50%,GAGGATGGACGTG,R
Primer_12_R,53.80%,GGCAGCACACATA,R
Primer_14_R,46.20%,ATCTAACATGGCC,R
Primer_15_R,23.10%,ATCAAATGGAAAT,R
Primer_16_R,38.50%,CTCCATCTATTTC,R
Primer_17_R,30.80%,ATGGGCATATAAT,R
Primer_18_R,61.50%,CCGCTCCCCTAAT,R
Primer_19_R,30.80%,CATACATACCATA,R
Primer_20_R,53.80%,CGTATCCACTGTG,R
Primer_21_R,53.80%,GGTTGCACAGCAA,R
Primer_22_R,53.80%,AACCAGCCGTTAC,R
Primer_23_R,38.50%,TTGTACAAGCCAA,R
Primer_24_R,15.40%,ACATTTTCTATAT,R
Primer_25_R,46.20%,CGCTATGTTTTCG,R
Primer_26_R,15.40%,AAAAAGCATAAAA,R
Primer_27_R,53.80%,GTATTGGAACGCC,R
Primer_28_R,38.50%,ATAATGGACGGAT,R
Primer_29_R,15.40%,ATTACAAAAATAC,R
Primer_30_R,53.80%,CTGTATGGGAACG,R
Primer_31_R,38.50%,GAAAATGCAGGAT,R
Primer_32_R,46.20%,CTGTGTTTTCGCA,R
Primer_0_F,38.50%,GCTCTATTGTTAC,F
Primer_1_F,23.10%,TATTGGTATTTGT,F
Primer_2_F,53.80%,ACAGACACAGGGT,F
Primer_3_F,23.10%,CTTGTTTGATATA,F
Primer_4_F,46.20%,AGACCAATAGTGC,F
Primer_5_F,61.50%,GGTGCCAGCCTAT,F
Primer_6_F,53.80%,TCAGGCTGGATTG,F
Primer_7_F,46.20%,ATGGTACAATGGG,F
Primer_8_F,30.80%,TCTAATGTTTCTG,F
Primer_9_F,15.40%,AAGATTTATTTGT,F
Primer_10_F,38.50%,GTTGTGTATGTGT,F
Primer_11_F,23.10%,TATGTCCTATATT,F
Primer_12_F,23.10%,AAGATACTAAATG,F
Primer_13_F,46.20%,TTTGTTGGTACCC,F
Primer_14_F,53.80%,CATTCGTGCTGCA,F
Primer_15_F,61.50%,CACGACGCAAACG,F
Primer_16_F,30.80%,GACATACTTTGAT,F
Primer_17_F,23.10%,AAAATTGGAAATG,F
Primer_18_F,30.80%,TATACATGGTACA,F
Primer_19_F,23.10%,CTACATTAACATT,F
Primer_20_F,38.50%,TTGTTGGTATGTG,F
Primer_21_F,69.20%,TGTCCGTGGGCAC,F
Primer_22_F,69.20%,GCAGGTGGTGGCA,F
Primer_23_F,61.50%,GGCATTGGACAGG,F
Primer_24_F,38.50%,TTAAATAGTGGGC,F
Primer_25_F,53.80%,GGAACATGGGACA,F
Primer_26_F,38.50%,TATTAGCCCTGTT,F
Primer_27_F,23.10%,AGCACAATTAAAA,F