"Name","Sequence","Direction","% GC"
"Primer_0_F","GACTGCAGCGTAG","F",61.5
"Primer_0_R","GTCAACATCCACA","R",46.2
"Primer_1_F","AGATTGCTGATTC","F",38.5
"Primer_1_R","CAAGAAGGTCATC","R",46.2
"Primer_2_F","TTTAAAGATGAGT","F",23.1
"Primer_2_R","CACAAGTGGCACA","R",53.8
"Primer_3_F","ACAGACAAATGGC","F",46.2
"Primer_3_R","CAGGTTGCGCATA","R",53.8
"Primer_4_F","AAAGCAGGTAGAT","F",38.5
"Primer_4_R","GGCCAAATGCCAC","R",61.5
"Primer_5_F","AATGGTGACAACA","F",38.5
"Primer_5_R","GACCATCGTCAAC","R",53.8
"Primer_6_F","CAGTGAGCGAGGA","F",61.5
"Primer_6_R","GTGGCACACACTA","R",53.8
"Primer_7_F","GTCTCATAGGCAA","F",46.2
"Primer_7_R","CGTCAGCATCCAC","R",61.5
"Primer_8_R","ACAGGTTGCACAT","R",46.2
"Primer_9_R","TAGGATGAGTCCC","R",53.8
"Primer_10_R","AGGGTGGGTCCCA","R",69.2
