"Name","X..GC","Rough.Temperature...C.","Sequence","Direction"
"Primer_0_R","15.4%",30,"TATTTGATGATAT","R"
"Primer_1_F","46.2%",38,"AACAACCCAGCAT","F"
"Primer_1_R","30.8%",34,"TTAGAGCAAAGAA","R"
"Primer_2_F","23.1%",32,"AAAGTTATGAATC","F"
"Primer_2_R","53.8%",40,"AGGTCACTCTGGA","R"
"Primer_3_R","23.1%",32,"CAACAATGATAAA","R"
"Primer_4_F","23.1%",32,"GAATTTCTAATAG","F"
"Primer_4_R","38.5%",36,"TACTGCCATTTTC","R"
"Primer_5_F","30.8%",34,"TTTGCACTATCTA","F"
"Primer_5_R","46.2%",38,"TCCGTATGTCTTC","R"
"Primer_6_F","30.8%",34,"GAATATGCTCAAT","F"
"Primer_6_R","38.5%",36,"AGAGTCTATTGCA","R"
"Primer_7_F","46.2%",38,"CCTATTCTTGAGG","F"
"Primer_7_R","30.8%",34,"ATCCAAATGACAT","R"
"Primer_8_F","23.1%",32,"TGAAAGTAATTCA","F"
"Primer_8_R","46.2%",38,"ATCAAGCCTTCCA","R"
"Primer_9_F","23.1%",32,"TTCATTCATTATC","F"
"Primer_9_R","23.1%",32,"TATCATAACTGAT","R"
"Primer_10_F","61.5%",42,"GGTGGGACCAGAT","F"
"Primer_10_R","30.8%",34,"ATTATACAACCTC","R"
"Primer_11_F","46.2%",38,"GCTCATGAGATAC","F"
"Primer_11_R","30.8%",34,"CTTATTGATGAGT","R"
"Primer_12_F","23.1%",32,"CAAGAAAATACAA","F"
"Primer_12_R","23.1%",32,"AAGATTTTTGGAT","R"
"Primer_13_F","46.2%",38,"GAATGTACCGGAT","F"
"Primer_13_R","38.5%",36,"ATTCCCCAGAATT","R"
"Primer_14_F","53.8%",40,"GGAACCATGGACA","F"
"Primer_14_R","30.8%",34,"GATCTATTATCCA","R"
"Primer_15_F","23.1%",32,"AGAACAAGTTAAA","F"
"Primer_15_R","46.2%",38,"TGTCATCTGAACC","R"
"Primer_16_F","46.2%",38,"GCTACTCTACAGA","F"
"Primer_16_R","15.4%",30,"TATTTCAATGAAT","R"
"Primer_17_F","23.1%",32,"CAAGATTTTGAAA","F"
"Primer_17_R","38.5%",36,"GACAAGACCTATA","R"
"Primer_18_F","38.5%",36,"GACACCATCATAA","F"
"Primer_18_R","53.8%",40,"CATCAGCCACTTC","R"
"Primer_19_F","46.2%",38,"TGCACTTGATGTG","F"
"Primer_19_R","30.8%",34,"ACGAAAGAAAGAA","R"
"Primer_20_F","46.2%",38,"TGTTTCATGGAGC","F"
"Primer_20_R","30.8%",34,"TGAATTTCCTCAT","R"
"Primer_21_F","23.1%",32,"AATATAGTGTCTA","F"
"Primer_21_R","30.8%",34,"AGGTTTTTTTGGA","R"
"Primer_22_F","46.2%",38,"CAACAGGCCTATA","F"
"Primer_22_R","38.5%",36,"TGAACGGAATTTC","R"
"Primer_23_F","23.1%",32,"CAATCATCTTATA","F"
"Primer_23_R","30.8%",34,"CTGATTTGAAACA","R"
"Primer_24_F","30.8%",34,"ATTTGATCACTGA","F"
"Primer_24_R","38.5%",36,"TTTGCTAGTCATG","R"
"Primer_25_F","23.1%",32,"TTCATGCATAATA","F"
"Primer_26_F","46.2%",38,"GTCAGACCTACAA","F"
"Primer_26_R","23.1%",32,"TTTCTATAGCTTT","R"
"Primer_27_R","38.5%",36,"CACAGATCTCTTT","R"
"Primer_28_F","53.8%",40,"GCACGAGCATTGA","F"
"Primer_28_R","38.5%",36,"ACAAGGGATCAAT","R"
"Primer_29_F","38.5%",36,"ATCCTGTCTATGA","F"
"Primer_29_R","46.2%",38,"GGAACTGAGGAAA","R"
"Primer_30_F","30.8%",34,"TCATTCAAAGCAT","F"
"Primer_30_R","46.2%",38,"TGACGTGCTGATT","R"
"Primer_31_F","30.8%",34,"ACATAAGCAATGA","F"
"Primer_31_R","38.5%",36,"TAGCTAGTTCAAG","R"
"Primer_32_F","23.1%",32,"TAGCAAAATCTAT","F"
"Primer_32_R","23.1%",32,"CCAACTTATATAA","R"
"Primer_33_F","38.5%",36,"AAGTTGCAGAACT","F"
"Primer_33_R","46.2%",38,"TCTCAGTTGATCC","R"
"Primer_34_F","38.5%",36,"CTCTAAATCACCT","F"
"Primer_34_R","53.8%",40,"ACCGGATCACCTA","R"
"Primer_35_F","46.2%",38,"TTTCCTGCTGTAG","F"
"Primer_35_R","23.1%",32,"GCATCATTATAAA","R"
"Primer_36_F","30.8%",34,"AGGATGAACTTAA","F"
"Primer_36_R","38.5%",36,"TGTTTGCAGCTTA","R"
"Primer_37_F","46.2%",38,"GCTGAACACTACT","F"
"Primer_37_R","46.2%",38,"ATTGATTGCCCCA","R"
"Primer_38_R","46.2%",38,"GCAATGGCATTGT","R"
"Primer_39_F","46.2%",38,"TTCCTTGACAGCA","F"
"Primer_39_R","53.8%",40,"CACTTCTCAGTCG","R"
"Primer_40_F","53.8%",40,"TCCTTGAGCACTC","F"
"Primer_40_R","53.8%",40,"CACCTCTGTCTAG","R"
"Primer_41_F","46.2%",38,"CGAGAGGAAATAC","F"
"Primer_41_R","38.5%",36,"AAACCCTGACAAT","R"
"Primer_42_F","38.5%",36,"AAGATGGCTTCAA","F"
"Primer_43_F","30.8%",34,"GACAAAAATGTAG","F"
"Primer_43_R","23.1%",32,"TCCAGATTAATTA","R"
"Primer_44_F","38.5%",36,"CAAATCCAAACAC","F"
"Primer_44_R","46.2%",38,"GACAAGGTCATGA","R"
"Primer_45_F","38.5%",36,"ACCTCTCTGATTT","F"
"Primer_45_R","30.8%",34,"CACAGTTTACAAA","R"
"Primer_46_F","15.4%",30,"TTTTTACAATTCA","F"
"Primer_47_F","38.5%",36,"TGCAAAAGACATC","F"
"Primer_47_R","46.2%",38,"TTCAGTCCTGTAG","R"
"Primer_48_F","46.2%",38,"ATCCTTGGCTCAA","F"
"Primer_48_R","23.1%",32,"AAAGAAGATATAC","R"
"Primer_49_R","23.1%",32,"AGATTAGAACTTT","R"
"Primer_50_F","61.5%",42,"ACAGCAGCAAGGG","F"
"Primer_50_R","46.2%",38,"CAATGCCTTCAGA","R"
"Primer_51_F","46.2%",38,"CAGGAGTTGCTAT","F"
"Primer_52_R","30.8%",34,"ATTGTGTGGATTT","R"
"Primer_53_F","30.8%",34,"AAGGAAACTGATA","F"
"Primer_53_R","30.8%",34,"ATCATGCTACATA","R"
"Primer_54_F","7.7%",28,"ATTACATATTTAA","F"
"Primer_54_R","23.1%",32,"CATAACTTTATCA","R"
"Primer_55_F","7.7%",28,"CTAATATTTTATA","F"
"Primer_55_R","23.1%",32,"AATCTAACTTTCT","R"
"Primer_56_F","61.5%",42,"ATGGGGCAGCTGT","F"
"Primer_56_R","46.2%",38,"CATCTTTCCCTTG","R"
"Primer_57_F","23.1%",32,"ATAATCATGTAGT","F"
"Primer_57_R","15.4%",30,"TTTTGTAAATAGT","R"
"Primer_58_F","23.1%",32,"TACACTATCATAA","F"
"Primer_58_R","46.2%",38,"TTGCTCTGGTATC","R"
"Primer_59_F","30.8%",34,"GTCAAATATCTAG","F"
"Primer_59_R","23.1%",32,"GTTTAATCTAAGT","R"
"Primer_60_F","23.1%",32,"GTATGAAGATAAT","F"
"Primer_60_R","46.2%",38,"CTTGAAGGCTCTT","R"
"Primer_61_F","38.5%",36,"TCAGATATCAAGC","F"
"Primer_61_R","53.8%",40,"CCAGATTGCTCAC","R"
"Primer_62_F","53.8%",40,"GAGGGATCGAGAA","F"
"Primer_63_F","15.4%",30,"ATAAAAGGTTTTT","F"
"Primer_63_R","30.8%",34,"TCAAAGATCATTG","R"
"Primer_64_F","46.2%",38,"GCTAACAGAGATG","F"
"Primer_65_F","46.2%",38,"GTGTACTTCGTGA","F"
"Primer_65_R","23.1%",32,"ATCAAAATCAGTA","R"
"Primer_66_F","61.5%",42,"GTCGCGGGAATAC","F"
"Primer_66_R","38.5%",36,"ATTTTGTCGGCAA","R"
"Primer_67_F","53.8%",40,"CAACTCGAGACAG","F"
"Primer_67_R","23.1%",32,"AGAAAATGAAAGA","R"
"Primer_68_F","53.8%",40,"AGCAAGTCTTGGG","F"
"Primer_68_R","46.2%",38,"ATCTGCTGTTGGA","R"
"Primer_69_F","15.4%",30,"AATCTCATAATTT","F"
"Primer_69_R","46.2%",38,"CCGAGATCATCAA","R"
"Primer_70_F","15.4%",30,"ATATAACGTATTT","F"
"Primer_70_R","38.5%",36,"ACATAAAACCAGG","R"
"Primer_71_F","23.1%",32,"ATTTAATGGATTG","F"
"Primer_71_R","23.1%",32,"ATGAACTATATGA","R"
"Primer_72_F","15.4%",30,"ATAGGAATATAAA","F"
"Primer_72_R","23.1%",32,"TTAAAAGAAGCTT","R"
"Primer_73_F","38.5%",36,"CACATATCAAAGG","F"
"Primer_73_R","23.1%",32,"TGATTTATAGTGA","R"
"Primer_74_F","15.4%",30,"TTATTTCTAAATC","F"
"Primer_74_R","46.2%",38,"CCTACTAGATTGC","R"
"Primer_75_F","23.1%",32,"GAGTATATTTTGA","F"
"Primer_75_R","23.1%",32,"TTCATTTATGTGA","R"
"Primer_76_F","23.1%",32,"GATAAAGTTGATA","F"
"Primer_76_R","38.5%",36,"TTCAATGGGTTTC","R"
"Primer_77_F","46.2%",38,"ATCGAAGGCCAAT","F"
"Primer_77_R","38.5%",36,"CGAATAGTTTAGG","R"
"Primer_78_F","30.8%",34,"GGATATCAAACTA","F"
"Primer_78_R","23.1%",32,"GTTGACTATTTAT","R"
"Primer_79_F","61.5%",42,"TCTGCTCTCCCAG","F"
"Primer_79_R","38.5%",36,"GACCAGATAAGAT","R"
"Primer_80_F","46.2%",38,"TAAGCCCGGATAA","F"
"Primer_80_R","38.5%",36,"GGCATGACTTTAT","R"
"Primer_81_F","30.8%",34,"CATAATACAACAC","F"
"Primer_81_R","23.1%",32,"TATTTTCGAATCT","R"
"Primer_82_F","7.7%",28,"TTAAGAAAAAATT","F"
"Primer_83_F","23.1%",32,"AGTAGTAATTGAA","F"
"Primer_84_F","38.5%",36,"TCGTTGACAAATG","F"
"Primer_85_F","30.8%",34,"CTGATAAATCAGA","F"
"Primer_86_F","38.5%",36,"AGAGCTCTAATCT","F"
"Primer_87_F","38.5%",36,"TTCTATGTACACC","F"
"Primer_88_F","53.8%",40,"ACAGAGATAGGGC","F"
"Primer_89_F","38.5%",36,"TTGGAATTGCAAC","F"
"Primer_90_F","46.2%",38,"TCCTCAATCCATC","F"
"Primer_91_F","38.5%",36,"CACTACACTCTAA","F"
"Primer_92_F","53.8%",40,"AGGGCCAATCAAC","F"
"Primer_94_F","38.5%",36,"TCCTTGATGGATA","F"
"Primer_95_F","23.1%",32,"AACGTATTTCTAA","F"
