Name,% GC,Sequence,Direction
Primer_0_R,53.80%,GGGTCTCCTCTAA,R
Primer_1_F,46.20%,TTGAGGTGCATTG,F
Primer_1_R,46.20%,CCTTTTGATGGCT,R
Primer_2_F,46.20%,GATGATGAACAGG,F
Primer_2_R,53.80%,CTGGTGGATCCTT,R
Primer_3_F,53.80%,TCATTGAGGGGGT,F
Primer_3_R,30.80%,TATTCAAAGACTG,R
Primer_4_F,46.20%,TTGGTGAGCATGA,F
Primer_4_R,53.80%,ACCACCACACTCT,R
Primer_5_F,53.80%,CATCTGAGGACCT,F
Primer_5_R,53.80%,ATGCCTTCAGCCA,R
Primer_6_F,30.80%,ATGACAATGACAA,F
Primer_6_R,46.20%,CCAAACCTCCTTT,R
Primer_7_F,53.80%,CGCAGCAGTCAAA,F
Primer_8_F,53.80%,GGAATGGACCCAT,F
Primer_8_R,69.20%,CAATGCGCCCCCT,R
Primer_9_F,46.20%,AACATGATGGGGA,F
Primer_9_R,53.80%,GTGACATGCCACA,R
Primer_10_F,53.80%,TGCTCATCGGCTT,F
Primer_11_F,46.20%,TGATGGTGGTTGT,F
Primer_11_R,46.20%,GTCATCACAACCT,R
Primer_12_F,38.50%,AGGAAGATCATGA,F
Primer_12_R,38.50%,TCTTGCCAAAGTT,R
Primer_13_F,38.50%,CTGAAATGAAGGA,F
Primer_13_R,38.50%,CTTTGCACATTCA,R
Primer_14_F,61.50%,AAGACCCGGCAAG,F
Primer_14_R,46.20%,TAGAATCCACCAC,R
Primer_15_F,46.20%,CAGAGATGGTGAT,F
Primer_15_R,38.50%,GCATCAAACTTGA,R
Primer_16_F,30.80%,AATGAAAGTGCAA,F
Primer_16_R,53.80%,GTTCACTCAGCAC,R
Primer_17_F,53.80%,TGTTTGGCTCTGC,F
Primer_17_R,61.50%,GGTTTGACGCCTC,R
Primer_18_F,53.80%,ACTCTGAGGAAGG,F
Primer_18_R,53.80%,GTCAACAGAGCCA,R
Primer_19_F,61.50%,GAAGCTTGCCCAG,F
Primer_19_R,61.50%,GCCTCATGTCCCT,R
Primer_20_F,61.50%,AGAGTGCCCATGG,F
Primer_20_R,46.20%,TACACACAAGTCC,R
Primer_21_F,46.20%,AGAGACTCTGATG,F
Primer_21_R,53.80%,TCAAGGAGCCTTC,R
Primer_22_F,61.50%,GGGAAGGTGGACA,F
Primer_22_R,69.20%,CCCATGACGGCCA,R
Primer_23_F,61.50%,GGGAGAATGTGCC,F
Primer_23_R,46.20%,GGCATCACTGTTA,R
Primer_24_F,38.50%,AAGCAGAAGAAAC,F
Primer_24_R,46.20%,CCATATACATGGC,R
Primer_25_F,61.50%,ATAGAGGCTGGGG,F
Primer_25_R,69.20%,CCAGCCTTGGCCA,R
Primer_26_F,30.80%,CATTTTCCAGAAT,F
Primer_26_R,38.50%,GTCATTCCAATCA,R
Primer_27_F,53.80%,ATCAGGAACCCTC,F
Primer_27_R,53.80%,CCACCTCCACAAT,R
Primer_28_F,53.80%,TGCAGTTGGAGGA,F
Primer_28_R,61.50%,AGGTCACTCCACC,R
Primer_29_F,53.80%,GGTCGATTCATGG,F
Primer_29_R,69.20%,TCCGGCCAACTCC,R
Primer_30_F,53.80%,GAGAGGTGATTGG,F
Primer_30_R,46.20%,GTGATGGTGTTCA,R
Primer_31_F,61.50%,GAATGCCAGGTGC,F
Primer_31_R,53.80%,TGCTGAGTCACAC,R
Primer_32_F,46.20%,TTGGACAGGAGAA,F
Primer_32_R,69.20%,CCTGCCAGCACTC,R
Primer_33_F,38.50%,TGGTGTTTTGAAG,F
Primer_33_R,38.50%,TCATCAGCTACTA,R
Primer_34_F,61.50%,TGGTCCTTGCTGG,F
Primer_34_R,46.20%,TTCTATGGCCTCT,R
Primer_35_F,46.20%,ATGCTCTCTCCAA,F
Primer_35_R,46.20%,AGTGAGCTGAGTA,R
Primer_36_F,46.20%,ATAATGCCCACCA,F
Primer_36_R,53.80%,GTTTTCCTTGGCC,R
Primer_37_F,46.20%,GATTCCATCTTGG,F
Primer_37_R,30.80%,TCTGGTAAACATT,R
Primer_38_F,53.80%,ATAGGGGTCCTTC,F
Primer_38_R,53.80%,GCCAAGATCTGTG,R
Primer_39_F,46.20%,CCTTCAAGGACAA,F
Primer_39_R,53.80%,CTAGCTGGATCCA,R
Primer_40_F,30.80%,GCAATCAATAAAG,F
Primer_40_R,38.50%,ACAATAGGAGATC,R
Primer_41_F,46.20%,AGGGTTACAAAGG,F
Primer_41_R,61.50%,CACGCATTGTCCC,R
Primer_42_F,38.50%,TGGCAATGGAATT,F
Primer_42_R,38.50%,GGATATGATTGTG,R
Primer_43_F,46.20%,AGTGGTGCTTTGA,F
Primer_43_R,53.80%,ATGTGAGATGCCC,R
Primer_44_F,46.20%,TGGTCTGTTCATG,F
Primer_44_R,53.80%,CTGCTATGCTAGC,R
Primer_45_F,46.20%,GTGAAGACAATGC,F
Primer_45_R,53.80%,CCATGTACATGGC,R
Primer_46_F,46.20%,GGACTGTCTATGT,F
Primer_46_R,46.20%,ACCCTCTCTTCAA,R
Primer_47_F,53.80%,GCATCTTGGTCAC,F
Primer_47_R,46.20%,AGATGTCTACCTC,R
Primer_48_F,53.80%,GATGACTGGCTGA,F
Primer_48_R,61.50%,GCCACTTGCCATG,R
Primer_49_F,69.20%,CCATCCTGGGCCT,F
Primer_49_R,46.20%,CTTCTTGACCTAC,R
Primer_50_F,53.80%,CAGCAGTGAATGG,F
Primer_50_R,69.20%,CTCCCACGAGACC,R
Primer_51_F,38.50%,AACATGATGGGAA,F
Primer_51_R,69.20%,AGGCTGGGCCAAC,R
Primer_52_F,46.20%,GGAATCCTGATGA,F
Primer_52_R,53.80%,TGGGAGCTAACTG,R
Primer_53_F,61.50%,AGACCGCAGTGGA,F
Primer_53_R,53.80%,GGTCTGATCTCCA,R
Primer_54_F,69.20%,CACCGCATCCGGA,F
Primer_54_R,61.50%,GGTAGTCAAGGGC,R
Primer_55_F,53.80%,TTCTTGCTGGCTG,F
Primer_55_R,69.20%,GAAGACCCCTCCC,R
Primer_56_F,30.80%,TTTTGACTGGAAA,F
Primer_56_R,38.50%,CTCCTTCATTTTC,R
Primer_57_F,61.50%,CTGGTGCAATGCG,F
Primer_57_R,53.80%,GCACATCCTTGGT,R
Primer_58_F,38.50%,GACTTGCAACAAT,F
Primer_58_R,38.50%,ACATGAGATATCC,R
Primer_59_F,53.80%,ACCCTTACAGGAC,F
Primer_59_R,61.50%,TGCGCAACCGTCT,R
Primer_60_F,30.80%,AGGAAAATCATGA,F
Primer_60_R,46.20%,GCTGTGAGATCAT,R
Primer_61_F,46.20%,CTTTCTGCTCTCA,F
Primer_61_R,69.20%,CTGGCCAGCTCCA,R
Primer_62_F,46.20%,TACCCACACATGA,F
Primer_62_R,53.80%,TCAGCAGCATTCC,R
Primer_63_F,46.20%,ATCAGGAATCCTC,F
Primer_64_F,46.20%,AGGACAAGACTGA,F
Primer_64_R,38.50%,TACAGCTCAAACT,R
Primer_65_F,61.50%,GGATGCAAGTCCC,F
Primer_65_R,53.80%,CAATGCGTCCTCT,R
Primer_66_F,69.20%,GACAGAGGCTGGG,F
Primer_66_R,53.80%,GCCAATGACAGCA,R
Primer_67_F,38.50%,TACATCCATTTGC,F
Primer_67_R,46.20%,TCTTCAAGGATCC,R
Primer_68_F,53.80%,TGTCAGGTCCAGA,F
Primer_68_R,61.50%,CCACAAAGCAGGG,R
Primer_69_F,46.20%,ATCAGTGTGTTCC,F
Primer_69_R,46.20%,GGTTTCAGATCCA,R
Primer_70_F,53.80%,TGGCTGAAGCTGA,F
Primer_70_R,38.50%,CCATCATTTTCCT,R
Primer_71_F,53.80%,CTGGTGAGCATGA,F
Primer_71_R,46.20%,ATCACAGTCCACT,R
Primer_72_F,69.20%,TGTCCATGGGGGC,F
Primer_72_R,30.80%,TTCTCTATCACAT,R
Primer_73_F,53.80%,GGAAAGGTGGACA,F
Primer_73_R,61.50%,GAGTGCCATCAGG,R
Primer_74_F,38.50%,ATGGTCGTCATAA,F
Primer_74_R,53.80%,TCACCCATCACTG,R
Primer_75_F,38.50%,CAACAACTTGTAC,F
Primer_75_R,69.20%,GTCACCACCTGCC,R
Primer_76_F,53.80%,CAGATGGTTGCTC,F
Primer_76_R,46.20%,GAATCTTGCATGG,R
Primer_77_F,46.20%,CAGTATGGATGGA,F
Primer_77_R,61.50%,CTAGCACTCCCAC,R
Primer_78_F,46.20%,GAGCAAATGAGAG,F
Primer_78_R,69.20%,TGGCATCGCCCCT,R
Primer_79_F,46.20%,AATCAAAGCTGGC,F
Primer_79_R,53.80%,ATGGCCATCTCTG,R
Primer_80_F,46.20%,GAAATGGTTGTGG,F
Primer_80_R,38.50%,GCCATTCTGAAAT,R
Primer_81_F,38.50%,TACTACTCAGAAC,F
Primer_81_R,53.80%,GTGTCATCCGCAT,R
Primer_82_F,53.80%,TGCTGTTCTGCAC,F
Primer_82_R,46.20%,CCAGTGAATTCAG,R
Primer_83_F,38.50%,TGTCAGAGATGAA,F
Primer_83_R,53.80%,CAGGAGGGTCTTT,R
Primer_84_F,38.50%,TGGGAAAAGGAAT,F
Primer_84_R,53.80%,CTTCCATAGGCCA,R
Primer_85_F,53.80%,AAAGTGGACACCG,F
Primer_85_R,46.20%,GAAAAAGGGGTTC,R
Primer_86_F,46.20%,TTCACAGACTACC,F
Primer_86_R,38.50%,CCACCACATTTTT,R
Primer_87_F,30.80%,ATGGAAAGAAACT,F
Primer_87_R,38.50%,TGATGTCTGTTCT,R
Primer_88_F,46.20%,GTCTGTTGTGGAA,F
Primer_88_R,38.50%,TCTCAACTCTTTC,R
Primer_89_F,53.80%,GATGTTGTCTCCC,F
Primer_89_R,38.50%,TAGAGCCAACAAA,R
Primer_90_F,61.50%,CCTGGATGACGAG,F
Primer_90_R,61.50%,CCTTCTGGCACAC,R
Primer_91_F,30.80%,AATGGTGTTTTGA,F
Primer_91_R,61.50%,CAGAGTACGCTGG,R
Primer_92_F,61.50%,GTGGTCTGTCCAC,F
Primer_92_R,69.20%,CAATGGGGGAGCC,R
Primer_93_F,53.80%,ATCAGGAATCCCC,F
Primer_93_R,69.20%,GGTGTTGAGGGCG,R
Primer_94_F,46.20%,GGAACATCATCAC,F
Primer_94_R,46.20%,TGCACCTTGTAAC,R
Primer_95_F,69.20%,ATCCACCGCCTGG,F
Primer_95_R,53.80%,AGGGATCACTGTG,R
Primer_96_F,53.80%,CTTGGATGCAGGT,F
Primer_96_R,53.80%,CCCTTCTTTGCCA,R
Primer_97_F,38.50%,CGTTTTCCAGAAT,F
Primer_97_R,46.20%,TGTTCTTTGGGTC,R
Primer_98_F,46.20%,ATCCAATAGCCTC,F
Primer_98_R,30.80%,TTTGGTCTAATCT,R
Primer_99_F,53.80%,ATGGCAGAAGCAG,F
Primer_99_R,69.20%,CACCTGCCCTGCT,R
Primer_100_F,53.80%,GGGTCACAAAGGA,F
Primer_100_R,61.50%,GGGAGCTCACTCA,R
Primer_101_F,38.50%,ATGTTCCTTTCTG,F
Primer_101_R,61.50%,GCGTCTCCCATGA,R
Primer_102_F,61.50%,CTCCCACTAGGGT,F
Primer_102_R,46.20%,CCTCTTGTGAAAG,R
Primer_103_F,38.50%,ATAGAGGGAAACA,F
Primer_104_F,46.20%,GTGTTTGGTTCTG,F
Primer_104_R,53.80%,ATCCATTGCAGCC,R
Primer_105_F,38.50%,GGAAAGGAATTCA,F
Primer_105_R,38.50%,GTGATGGTATTCA,R
Primer_106_F,46.20%,TGAAAGCGCAACA,F
Primer_106_R,53.80%,CATTATCCCCCTC,R
Primer_107_F,46.20%,CTGCAGTATGGTT,F
Primer_107_R,53.80%,GGTAGTCAAGAGC,R
Primer_108_F,46.20%,TCCTACATCATGC,F
Primer_108_R,38.50%,GAAACATGAGGTA,R
Primer_109_F,38.50%,TTGAATGTCACAG,F
Primer_109_R,53.80%,GCTCTGCACATTC,R
Primer_110_F,61.50%,ATCAGACCAGGGC,F
Primer_110_R,46.20%,TCCCGGTTTAAGT,R
Primer_111_F,46.20%,AATCAAAGCCCAG,F
Primer_111_R,61.50%,CCACCTGCCATGA,R
Primer_112_F,30.80%,CTTTGAAAAGGAA,F
Primer_112_R,61.50%,CCTGACAGGGCAT,R
Primer_113_F,53.80%,AGTGGTGAAGTGG,F
Primer_113_R,69.20%,CCAGGGCCAACAC,R
Primer_114_F,53.80%,ACTGTCAACCCCA,F
Primer_114_R,46.20%,TTCGTCTGAACCT,R
Primer_115_F,46.20%,TTCAGAGACTCAG,F
Primer_115_R,69.20%,GGAGCTCACTGGG,R
Primer_116_F,53.80%,ATTCTGAGGAGGG,F
Primer_116_R,61.50%,CCGACCAAAGCCA,R
Primer_117_F,38.50%,AAAGGCATTTTGG,F
Primer_117_R,61.50%,GAATCCTCCCCCT,R
Primer_118_F,61.50%,TGCCCACGCATGA,F
Primer_118_R,61.50%,ATGTGTGAGGCCC,R
Primer_119_F,46.20%,CCCTTTCCAGAAA,F
Primer_119_R,46.20%,ATCACCATGCTCA,R
Primer_120_F,61.50%,GGAAGAAGAGCGC,F
Primer_120_R,61.50%,GGCAGTTCCGTGA,R
Primer_121_F,53.80%,GCCCACACATGAA,F
Primer_121_R,53.80%,CGTCTCCTCCATT,R
Primer_122_F,61.50%,TTGGACTGCGCAC,F
Primer_122_R,53.80%,TCACCAGATGGCT,R
Primer_123_F,53.80%,GTGCCCTTTTGCT,F
Primer_123_R,61.50%,GGGGGATCACTGT,R
Primer_124_F,46.20%,ATGGCAAGAAGCT,F
Primer_124_R,46.20%,ACAATGGGTGAAC,R
Primer_125_F,38.50%,AAATGAAGGAAGC,F
Primer_126_R,53.80%,TGGTTTCCTAGGG,R
Primer_127_F,46.20%,CAATATGGCTGGA,F
Primer_127_R,69.20%,GCAGCATCCCCCA,R
Primer_128_F,61.50%,CCCGGAATCAAGG,F
Primer_128_R,46.20%,ATACCCAGTGAAC,R
Primer_129_F,38.50%,AAGTTGTCAACAG,F
Primer_129_R,53.80%,ATGCCTTCGGCTA,R
Primer_130_F,53.80%,GAGCAAACGAGAG,F
Primer_130_R,61.50%,GCACGTTCATGGG,R
Primer_131_F,38.50%,TTGGACTGTGTAT,F
Primer_131_R,53.80%,ACCTGCCAGGATA,R
Primer_132_F,30.80%,TATTCTTTGTCCT,F
Primer_132_R,46.20%,AGACTGCATCCAT,R
Primer_133_F,53.80%,CATGTGTGTTGGC,F
Primer_133_R,61.50%,TCACCACTTGCCC,R
Primer_134_F,46.20%,CAACGATGCTCTT,F
Primer_134_R,61.50%,TCGTCCAATGCGC,R
Primer_135_F,69.20%,GGGTGCAGCAGTG,F
Primer_135_R,38.50%,ATGTCCTTCCTAA,R
Primer_136_F,30.80%,CAGGAAAATTATG,F
Primer_136_R,46.20%,ACAATCTGATCCC,R
Primer_137_F,46.20%,CAGTGGTCATAGT,F
Primer_137_R,38.50%,CAGTTATCCCAAT,R
Primer_138_F,46.20%,CTCATTGGCTTTG,F
Primer_138_R,53.80%,GAAACGCTCCTCT,R
Primer_139_F,38.50%,TGGTTATCATAGG,F
Primer_139_R,53.80%,ACCAGGTGGTTGT,R
Primer_140_F,53.80%,CTCATAGAGGGGA,F
Primer_140_R,53.80%,TGACCTTCCCACT,R
Primer_141_F,38.50%,ACCTTCAAGGATA,F
Primer_141_R,53.80%,TCGCTGGATCCAA,R
Primer_142_R,46.20%,GATCTTTGGCTCT,R
Primer_143_R,30.80%,GGTACACATTTTT,R
Primer_144_R,46.20%,CTGGACCTTGTAT,R
Primer_145_R,53.80%,CTTCGGCCAAATG,R
Primer_146_R,53.80%,ATGAGGGGCAAGA,R
Primer_147_R,61.50%,AGTGCGCAAGCGT,R
Primer_148_R,69.20%,GCGCACCAGATGG,R
Primer_149_R,61.50%,TGGACCACCACTG,R
Primer_150_R,30.80%,ATATCTGTTCTCT,R
Primer_151_R,69.20%,ACCAGGCCAGCTG,R
Primer_152_R,46.20%,CCAGTAAATTCGG,R
Primer_153_R,53.80%,CTTGAGCTCTCTC,R
Primer_154_R,61.50%,ATTCCAGGGTGCG,R
Primer_155_R,38.50%,CTGTAAGATCATC,R
Primer_156_R,38.50%,TCATGTCTCTCTT,R
Primer_157_R,46.20%,AGACACAAGACTG,R